ID	CONCEPTICON_ID	CONCEPTICON_GLOSS	NUMBER	ENGLISH	POS
core-wordnet-0			0	able	ADJ
core-wordnet-1			1	abnormal	ADJ
core-wordnet-2			2	absent	ADJ
core-wordnet-3			3	absolute	ADJ
core-wordnet-4			4	abstract	ADJ
core-wordnet-5			5	abundant	ADJ
core-wordnet-6			6	academic	ADJ
core-wordnet-7			7	acceptable	ADJ
core-wordnet-8			8	accessible	ADJ
core-wordnet-9			9	accurate	ADJ
core-wordnet-10			10	active	ADJ
core-wordnet-11			11	acute	ADJ
core-wordnet-12			12	addicted	ADJ
core-wordnet-13			13	adequate	ADJ
core-wordnet-14			14	aesthetic	ADJ
core-wordnet-15			15	afraid	ADJ
core-wordnet-16			16	aggressive	ADJ
core-wordnet-17			17	agile	ADJ
core-wordnet-18			18	agricultural	ADJ
core-wordnet-19			19	alert	ADJ
core-wordnet-20			20	alive	ADJ
core-wordnet-21			21	aloof	ADJ
core-wordnet-22			22	amber	ADJ
core-wordnet-23			23	ambiguous	ADJ
core-wordnet-24			24	ambitious	ADJ
core-wordnet-25			25	ample	ADJ
core-wordnet-26			26	angry	ADJ
core-wordnet-27			27	annual	ADJ
core-wordnet-28			28	anonymous	ADJ
core-wordnet-29			29	applied	ADJ
core-wordnet-30			30	appropriate	ADJ
core-wordnet-31			31	arbitrary	ADJ
core-wordnet-32			32	archaeological	ADJ
core-wordnet-33			33	arrogant	ADJ
core-wordnet-34			34	artificial	ADJ
core-wordnet-35			35	artistic	ADJ
core-wordnet-36			36	ashamed	ADJ
core-wordnet-37			37	asleep	ADJ
core-wordnet-38			38	assertive	ADJ
core-wordnet-39			39	astonishing	ADJ
core-wordnet-40			40	attractive	ADJ
core-wordnet-41			41	automatic	ADJ
core-wordnet-42			42	available	ADJ
core-wordnet-43			43	awake	ADJ
core-wordnet-44			44	aware	ADJ
core-wordnet-45			45	awful	ADJ
core-wordnet-46			46	awkward	ADJ
core-wordnet-47			47	bad	ADJ
core-wordnet-48			48	bad	ADJ
core-wordnet-49			49	bad	ADJ
core-wordnet-50			50	balanced	ADJ
core-wordnet-51			51	bald	ADJ
core-wordnet-52			52	bare	ADJ
core-wordnet-53			53	basic	ADJ
core-wordnet-54			54	beautiful	ADJ
core-wordnet-55			55	bitter	ADJ
core-wordnet-56			56	bitter	ADJ
core-wordnet-57			57	black	ADJ
core-wordnet-58			58	black	ADJ
core-wordnet-59			59	bland	ADJ
core-wordnet-60			60	blank	ADJ
core-wordnet-61			61	blind	ADJ
core-wordnet-62			62	blonde	ADJ
core-wordnet-63			63	bloody	ADJ
core-wordnet-64			64	bold	ADJ
core-wordnet-65			65	brave	ADJ
core-wordnet-66			66	broken	ADJ
core-wordnet-67			67	brown	ADJ
core-wordnet-68			68	bureaucratic	ADJ
core-wordnet-69			69	busy	ADJ
core-wordnet-70			70	capable	ADJ
core-wordnet-71			71	careful	ADJ
core-wordnet-72			72	cautious	ADJ
core-wordnet-73			73	central	ADJ
core-wordnet-74			74	certain	ADJ
core-wordnet-75			75	characteristic	ADJ
core-wordnet-76			76	charismatic	ADJ
core-wordnet-77			77	cheap	ADJ
core-wordnet-78			78	cheerful	ADJ
core-wordnet-79			79	childish	ADJ
core-wordnet-80			80	chronic	ADJ
core-wordnet-81			81	civic	ADJ
core-wordnet-82			82	civilian	ADJ
core-wordnet-83			83	classical	ADJ
core-wordnet-84			84	clean	ADJ
core-wordnet-85			85	clear	ADJ
core-wordnet-86			86	clear	ADJ
core-wordnet-87			87	close	ADJ
core-wordnet-88			88	close	ADJ
core-wordnet-89			89	closed	ADJ
core-wordnet-90			90	cold	ADJ
core-wordnet-91			91	cold	ADJ
core-wordnet-92			92	color-blind	ADJ
core-wordnet-93			93	colorful	ADJ
core-wordnet-94			94	comfortable	ADJ
core-wordnet-95			95	commercial	ADJ
core-wordnet-96			96	common	ADJ
core-wordnet-97			97	common	ADJ
core-wordnet-98			98	common	ADJ
core-wordnet-99			99	comparable	ADJ
core-wordnet-100			100	compatible	ADJ
core-wordnet-101			101	competent	ADJ
core-wordnet-102			102	competitive	ADJ
core-wordnet-103			103	complete	ADJ
core-wordnet-104			104	complex	ADJ
core-wordnet-105			105	comprehensive	ADJ
core-wordnet-106			106	concrete	ADJ
core-wordnet-107			107	confident	ADJ
core-wordnet-108			108	conscious	ADJ
core-wordnet-109			109	conservative	ADJ
core-wordnet-110			110	considerable	ADJ
core-wordnet-111			111	consistent	ADJ
core-wordnet-112			112	constant	ADJ
core-wordnet-113			113	constant	ADJ
core-wordnet-114			114	constitutional	ADJ
core-wordnet-115			115	constructive	ADJ
core-wordnet-116			116	content	ADJ
core-wordnet-117			117	continental	ADJ
core-wordnet-118			118	continuous	ADJ
core-wordnet-119			119	controversial	ADJ
core-wordnet-120			120	convenient	ADJ
core-wordnet-121			121	conventional	ADJ
core-wordnet-122			122	cool	ADJ
core-wordnet-123			123	cool	ADJ
core-wordnet-124			124	cooperative	ADJ
core-wordnet-125			125	corporate	ADJ
core-wordnet-126			126	critical	ADJ
core-wordnet-127			127	critical	ADJ
core-wordnet-128			128	critical	ADJ
core-wordnet-129			129	crude	ADJ
core-wordnet-130			130	crude	ADJ
core-wordnet-131			131	cruel	ADJ
core-wordnet-132			132	cultural	ADJ
core-wordnet-133			133	curious	ADJ
core-wordnet-134			134	current	ADJ
core-wordnet-135			135	cute	ADJ
core-wordnet-136			136	daily	ADJ
core-wordnet-137			137	dangerous	ADJ
core-wordnet-138			138	dark	ADJ
core-wordnet-139			139	dead	ADJ
core-wordnet-140			140	deadly	ADJ
core-wordnet-141			141	deaf	ADJ
core-wordnet-142			142	decisive	ADJ
core-wordnet-143			143	decorative	ADJ
core-wordnet-144			144	deep	ADJ
core-wordnet-145			145	definite	ADJ
core-wordnet-146			146	delicate	ADJ
core-wordnet-147			147	delicate	ADJ
core-wordnet-148			148	democratic	ADJ
core-wordnet-149			149	dependent	ADJ
core-wordnet-150			150	desirable	ADJ
core-wordnet-151			151	different	ADJ
core-wordnet-152			152	difficult	ADJ
core-wordnet-153			153	digital	ADJ
core-wordnet-154			154	diplomatic	ADJ
core-wordnet-155			155	direct	ADJ
core-wordnet-156			156	dirty	ADJ
core-wordnet-157			157	dirty	ADJ
core-wordnet-158			158	discreet	ADJ
core-wordnet-159			159	distant	ADJ
core-wordnet-160			160	distinct	ADJ
core-wordnet-161			161	domestic	ADJ
core-wordnet-162			162	domestic	ADJ
core-wordnet-163			163	dominant	ADJ
core-wordnet-164			164	dramatic	ADJ
core-wordnet-165			165	dry	ADJ
core-wordnet-166			166	due	ADJ
core-wordnet-167			167	dull	ADJ
core-wordnet-168			168	dull	ADJ
core-wordnet-169			169	dynamic	ADJ
core-wordnet-170			170	eager	ADJ
core-wordnet-171			171	early	ADJ
core-wordnet-172			172	easy	ADJ
core-wordnet-173			173	economic	ADJ
core-wordnet-174			174	educational	ADJ
core-wordnet-175			175	effective	ADJ
core-wordnet-176			176	efficient	ADJ
core-wordnet-177			177	electronic	ADJ
core-wordnet-178			178	elegant	ADJ
core-wordnet-179			179	eligible	ADJ
core-wordnet-180			180	articulate	ADJ
core-wordnet-181			181	emotional	ADJ
core-wordnet-182			182	empirical	ADJ
core-wordnet-183			183	empty	ADJ
core-wordnet-184			184	encouraging	ADJ
core-wordnet-185			185	enjoyable	ADJ
core-wordnet-186			186	enthusiastic	ADJ
core-wordnet-187			187	environmental	ADJ
core-wordnet-188			188	equal	ADJ
core-wordnet-189			189	essential	ADJ
core-wordnet-190			190	established	ADJ
core-wordnet-191			191	eternal	ADJ
core-wordnet-192			192	ethical	ADJ
core-wordnet-193			193	ethnic	ADJ
core-wordnet-194			194	even	ADJ
core-wordnet-195			195	even	ADJ
core-wordnet-196			196	exact	ADJ
core-wordnet-197			197	excited	ADJ
core-wordnet-198			198	exciting	ADJ
core-wordnet-199			199	exclusive	ADJ
core-wordnet-200			200	exotic	ADJ
core-wordnet-201			201	exotic	ADJ
core-wordnet-202			202	expected	ADJ
core-wordnet-203			203	expensive	ADJ
core-wordnet-204			204	experienced	ADJ
core-wordnet-205			205	experimental	ADJ
core-wordnet-206			206	explicit	ADJ
core-wordnet-207			207	express	ADJ
core-wordnet-208			208	external	ADJ
core-wordnet-209			209	extinct	ADJ
core-wordnet-210			210	extraordinary	ADJ
core-wordnet-211			211	fair	ADJ
core-wordnet-212			212	faithful	ADJ
core-wordnet-213			213	false	ADJ
core-wordnet-214			214	familiar	ADJ
core-wordnet-215			215	far	ADJ
core-wordnet-216			216	fashionable	ADJ
core-wordnet-217			217	fast	ADJ
core-wordnet-218			218	fastidious	ADJ
core-wordnet-219			219	fat	ADJ
core-wordnet-220			220	favorable	ADJ
core-wordnet-221			221	federal	ADJ
core-wordnet-222			222	feminine	ADJ
core-wordnet-223			223	financial	ADJ
core-wordnet-224			224	fine	ADJ
core-wordnet-225			225	finished	ADJ
core-wordnet-226			226	finished	ADJ
core-wordnet-227			227	first	ADJ
core-wordnet-228			228	first-hand	ADJ
core-wordnet-229			229	flat	ADJ
core-wordnet-230			230	flawed	ADJ
core-wordnet-231			231	flexible	ADJ
core-wordnet-232			232	foolish	ADJ
core-wordnet-233			233	formal	ADJ
core-wordnet-234			234	forward	ADJ
core-wordnet-235			235	fragrant	ADJ
core-wordnet-236			236	frank	ADJ
core-wordnet-237			237	free	ADJ
core-wordnet-238			238	free	ADJ
core-wordnet-239			239	free	ADJ
core-wordnet-240			240	frequent	ADJ
core-wordnet-241			241	fresh	ADJ
core-wordnet-242			242	fresh	ADJ
core-wordnet-243			243	friendly	ADJ
core-wordnet-244			244	frozen	ADJ
core-wordnet-245			245	full	ADJ
core-wordnet-246			246	full	ADJ
core-wordnet-247			247	full-time	ADJ
core-wordnet-248			248	functional	ADJ
core-wordnet-249			249	funny	ADJ
core-wordnet-250			250	general	ADJ
core-wordnet-251			251	generous	ADJ
core-wordnet-252			252	genetic	ADJ
core-wordnet-253			253	genuine	ADJ
core-wordnet-254			254	geological	ADJ
core-wordnet-255			255	glad	ADJ
core-wordnet-256			256	glorious	ADJ
core-wordnet-257			257	good	ADJ
core-wordnet-258			258	good	ADJ
core-wordnet-259			259	gradual	ADJ
core-wordnet-260			260	grand	ADJ
core-wordnet-261			261	graphic	ADJ
core-wordnet-262			262	graphic	ADJ
core-wordnet-263			263	grateful	ADJ
core-wordnet-264			264	great	ADJ
core-wordnet-265			265	great	ADJ
core-wordnet-266			266	green	ADJ
core-wordnet-267			267	gregarious	ADJ
core-wordnet-268			268	handy	ADJ
core-wordnet-269			269	happy	ADJ
core-wordnet-270			270	hard	ADJ
core-wordnet-271			271	harmful	ADJ
core-wordnet-272			272	harsh	ADJ
core-wordnet-273			273	healthy	ADJ
core-wordnet-274			274	heavy	ADJ
core-wordnet-275			275	helpful	ADJ
core-wordnet-276			276	helpless	ADJ
core-wordnet-277			277	high	ADJ
core-wordnet-278			278	hilarious	ADJ
core-wordnet-279			279	historical	ADJ
core-wordnet-280			280	holy	ADJ
core-wordnet-281			281	homosexual	ADJ
core-wordnet-282			282	honest	ADJ
core-wordnet-283			283	honorable	ADJ
core-wordnet-284			284	horizontal	ADJ
core-wordnet-285			285	hostile	ADJ
core-wordnet-286			286	hot	ADJ
core-wordnet-287			287	hot	ADJ
core-wordnet-288			288	huge	ADJ
core-wordnet-289			289	human	ADJ
core-wordnet-290			290	hungry	ADJ
core-wordnet-291			291	ignorant	ADJ
core-wordnet-292			292	illegal	ADJ
core-wordnet-293			293	immune	ADJ
core-wordnet-294			294	imperial	ADJ
core-wordnet-295			295	implicit	ADJ
core-wordnet-296			296	important	ADJ
core-wordnet-297			297	impossible	ADJ
core-wordnet-298			298	impressive	ADJ
core-wordnet-299			299	inadequate	ADJ
core-wordnet-300			300	inappropriate	ADJ
core-wordnet-301			301	incapable	ADJ
core-wordnet-302			302	incongruous	ADJ
core-wordnet-303			303	incredible	ADJ
core-wordnet-304			304	independent	ADJ
core-wordnet-305			305	indigenous	ADJ
core-wordnet-306			306	indirect	ADJ
core-wordnet-307			307	indoor	ADJ
core-wordnet-308			308	industrial	ADJ
core-wordnet-309			309	inevitable	ADJ
core-wordnet-310			310	infinite	ADJ
core-wordnet-311			311	influential	ADJ
core-wordnet-312			312	informal	ADJ
core-wordnet-313			313	inner	ADJ
core-wordnet-314			314	innocent	ADJ
core-wordnet-315			315	insufficient	ADJ
core-wordnet-316			316	integrated	ADJ
core-wordnet-317			317	intellectual	ADJ
core-wordnet-318			318	intense	ADJ
core-wordnet-319			319	interactive	ADJ
core-wordnet-320			320	interesting	ADJ
core-wordnet-321			321	intermediate	ADJ
core-wordnet-322			322	internal	ADJ
core-wordnet-323			323	international	ADJ
core-wordnet-324			324	invisible	ADJ
core-wordnet-325			325	irrelevant	ADJ
core-wordnet-326			326	jealous	ADJ
core-wordnet-327			327	joint	ADJ
core-wordnet-328			328	judicial	ADJ
core-wordnet-329			329	junior	ADJ
core-wordnet-330			330	just	ADJ
core-wordnet-331			331	kind	ADJ
core-wordnet-332			332	large	ADJ
core-wordnet-333			333	last	ADJ
core-wordnet-334			334	late	ADJ
core-wordnet-335			335	latest	ADJ
core-wordnet-336			336	lazy	ADJ
core-wordnet-337			337	left	ADJ
core-wordnet-338			338	legal	ADJ
core-wordnet-339			339	legislative	ADJ
core-wordnet-340			340	liberal	ADJ
core-wordnet-341			341	light	ADJ
core-wordnet-342			342	light	ADJ
core-wordnet-343			343	light	ADJ
core-wordnet-344			344	likely	ADJ
core-wordnet-345			345	limited	ADJ
core-wordnet-346			346	linear	ADJ
core-wordnet-347			347	liquid	ADJ
core-wordnet-348			348	literary	ADJ
core-wordnet-349			349	live	ADJ
core-wordnet-350			350	lively	ADJ
core-wordnet-351			351	logical	ADJ
core-wordnet-352			352	lonely	ADJ
core-wordnet-353			353	long	ADJ
core-wordnet-354			354	long	ADJ
core-wordnet-355			355	loose	ADJ
core-wordnet-356			356	lost	ADJ
core-wordnet-357			357	lost	ADJ
core-wordnet-358			358	loud	ADJ
core-wordnet-359			359	low	ADJ
core-wordnet-360			360	depressed	ADJ
core-wordnet-361			361	loyal	ADJ
core-wordnet-362			362	lucky	ADJ
core-wordnet-363			363	magnetic	ADJ
core-wordnet-364			364	main	ADJ
core-wordnet-365			365	major	ADJ
core-wordnet-366			366	major	ADJ
core-wordnet-367			367	manual	ADJ
core-wordnet-368			368	marine	ADJ
core-wordnet-369			369	married	ADJ
core-wordnet-370			370	mathematical	ADJ
core-wordnet-371			371	mature	ADJ
core-wordnet-372			372	mature	ADJ
core-wordnet-373			373	maximum	ADJ
core-wordnet-374			374	meaningful	ADJ
core-wordnet-375			375	mechanical	ADJ
core-wordnet-376			376	medieval	ADJ
core-wordnet-377			377	memorable	ADJ
core-wordnet-378			378	mental	ADJ
core-wordnet-379			379	middle-class	ADJ
core-wordnet-380			380	mild	ADJ
core-wordnet-381			381	military	ADJ
core-wordnet-382			382	minimum	ADJ
core-wordnet-383			383	minor	ADJ
core-wordnet-384			384	miserable	ADJ
core-wordnet-385			385	mobile	ADJ
core-wordnet-386			386	modern	ADJ
core-wordnet-387			387	modest	ADJ
core-wordnet-388			388	molecular	ADJ
core-wordnet-389			389	monstrous	ADJ
core-wordnet-390			390	monstrous	ADJ
core-wordnet-391			391	monthly	ADJ
core-wordnet-392			392	moral	ADJ
core-wordnet-393			393	moving	ADJ
core-wordnet-394			394	multiple	ADJ
core-wordnet-395			395	municipal	ADJ
core-wordnet-396			396	musical	ADJ
core-wordnet-397			397	mutual	ADJ
core-wordnet-398			398	narrow	ADJ
core-wordnet-399			399	narrow	ADJ
core-wordnet-400			400	national	ADJ
core-wordnet-401			401	native	ADJ
core-wordnet-402			402	necessary	ADJ
core-wordnet-403			403	negative	ADJ
core-wordnet-404			404	negative	ADJ
core-wordnet-405			405	nervous	ADJ
core-wordnet-406			406	nervous	ADJ
core-wordnet-407			407	neutral	ADJ
core-wordnet-408			408	new	ADJ
core-wordnet-409			409	new	ADJ
core-wordnet-410			410	nice	ADJ
core-wordnet-411			411	noble	ADJ
core-wordnet-412			412	noble	ADJ
core-wordnet-413			413	noisy	ADJ
core-wordnet-414			414	normal	ADJ
core-wordnet-415			415	notorious	ADJ
core-wordnet-416			416	nuclear	ADJ
core-wordnet-417			417	obese	ADJ
core-wordnet-418			418	objective	ADJ
core-wordnet-419			419	obscure	ADJ
core-wordnet-420			420	obvious	ADJ
core-wordnet-421			421	occupational	ADJ
core-wordnet-422			422	odd	ADJ
core-wordnet-423			423	offensive	ADJ
core-wordnet-424			424	offensive	ADJ
core-wordnet-425			425	official	ADJ
core-wordnet-426			426	old	ADJ
core-wordnet-427			427	open	ADJ
core-wordnet-428			428	open	ADJ
core-wordnet-429			429	operational	ADJ
core-wordnet-430			430	opposed	ADJ
core-wordnet-431			431	optimistic	ADJ
core-wordnet-432			432	optional	ADJ
core-wordnet-433			433	oral	ADJ
core-wordnet-434			434	ordinary	ADJ
core-wordnet-435			435	organic	ADJ
core-wordnet-436			436	original	ADJ
core-wordnet-437			437	orthodox	ADJ
core-wordnet-438			438	other	ADJ
core-wordnet-439			439	outer	ADJ
core-wordnet-440			440	outside	ADJ
core-wordnet-441			441	painful	ADJ
core-wordnet-442			442	parallel	ADJ
core-wordnet-443			443	paralyzed	ADJ
core-wordnet-444			444	parental	ADJ
core-wordnet-445			445	particular	ADJ
core-wordnet-446			446	particular	ADJ
core-wordnet-447			447	part-time	ADJ
core-wordnet-448			448	passionate	ADJ
core-wordnet-449			449	passive	ADJ
core-wordnet-450			450	past	ADJ
core-wordnet-451			451	patient	ADJ
core-wordnet-452			452	peaceful	ADJ
core-wordnet-453			453	perfect	ADJ
core-wordnet-454			454	permanent	ADJ
core-wordnet-455			455	persistent	ADJ
core-wordnet-456			456	personal	ADJ
core-wordnet-457			457	petty	ADJ
core-wordnet-458			458	philosophical	ADJ
core-wordnet-459			459	physical	ADJ
core-wordnet-460			460	plain	ADJ
core-wordnet-461			461	pleasant	ADJ
core-wordnet-462			462	polite	ADJ
core-wordnet-463			463	political	ADJ
core-wordnet-464			464	poor	ADJ
core-wordnet-465			465	popular	ADJ
core-wordnet-466			466	portable	ADJ
core-wordnet-467			467	positive	ADJ
core-wordnet-468			468	possible	ADJ
core-wordnet-469			469	powerful	ADJ
core-wordnet-470			470	practical	ADJ
core-wordnet-471			471	practical	ADJ
core-wordnet-472			472	precise	ADJ
core-wordnet-473			473	predictable	ADJ
core-wordnet-474			474	pregnant	ADJ
core-wordnet-475			475	premature	ADJ
core-wordnet-476			476	present	ADJ
core-wordnet-477			477	present	ADJ
core-wordnet-478			478	presidential	ADJ
core-wordnet-479			479	primary	ADJ
core-wordnet-480			480	private	ADJ
core-wordnet-481			481	privileged	ADJ
core-wordnet-482			482	productive	ADJ
core-wordnet-483			483	professional	ADJ
core-wordnet-484			484	profound	ADJ
core-wordnet-485			485	progressive	ADJ
core-wordnet-486			486	prolonged	ADJ
core-wordnet-487			487	proper	ADJ
core-wordnet-488			488	proportional	ADJ
core-wordnet-489			489	proud	ADJ
core-wordnet-490			490	provincial	ADJ
core-wordnet-491			491	public	ADJ
core-wordnet-492			492	pure	ADJ
core-wordnet-493			493	pure	ADJ
core-wordnet-494			494	qualified	ADJ
core-wordnet-495			495	quantitative	ADJ
core-wordnet-496			496	quiet	ADJ
core-wordnet-497			497	quiet	ADJ
core-wordnet-498			498	racial	ADJ
core-wordnet-499			499	random	ADJ
core-wordnet-500			500	rare	ADJ
core-wordnet-501			501	rational	ADJ
core-wordnet-502			502	raw	ADJ
core-wordnet-503			503	ready	ADJ
core-wordnet-504			504	real	ADJ
core-wordnet-505			505	real	ADJ
core-wordnet-506			506	realistic	ADJ
core-wordnet-507			507	reasonable	ADJ
core-wordnet-508			508	reckless	ADJ
core-wordnet-509			509	regional	ADJ
core-wordnet-510			510	regular	ADJ
core-wordnet-511			511	related	ADJ
core-wordnet-512			512	related	ADJ
core-wordnet-513			513	relative	ADJ
core-wordnet-514			514	relevant	ADJ
core-wordnet-515			515	reliable	ADJ
core-wordnet-516			516	religious	ADJ
core-wordnet-517			517	representative	ADJ
core-wordnet-518			518	resident	ADJ
core-wordnet-519			519	residential	ADJ
core-wordnet-520			520	respectable	ADJ
core-wordnet-521			521	responsible	ADJ
core-wordnet-522			522	restless	ADJ
core-wordnet-523			523	restricted	ADJ
core-wordnet-524			524	retired	ADJ
core-wordnet-525			525	revolutionary	ADJ
core-wordnet-526			526	rich	ADJ
core-wordnet-527			527	right	ADJ
core-wordnet-528			528	romantic	ADJ
core-wordnet-529			529	rotten	ADJ
core-wordnet-530			530	rotten	ADJ
core-wordnet-531			531	rough	ADJ
core-wordnet-532			532	round	ADJ
core-wordnet-533			533	rural	ADJ
core-wordnet-534			534	sacred	ADJ
core-wordnet-535			535	sad	ADJ
core-wordnet-536			536	safe	ADJ
core-wordnet-537			537	satisfactory	ADJ
core-wordnet-538			538	satisfied	ADJ
core-wordnet-539			539	scientific	ADJ
core-wordnet-540			540	seasonal	ADJ
core-wordnet-541			541	seasonal	ADJ
core-wordnet-542			542	secondary	ADJ
core-wordnet-543			543	secular	ADJ
core-wordnet-544			544	secure	ADJ
core-wordnet-545			545	senior	ADJ
core-wordnet-546			546	sensitive	ADJ
core-wordnet-547			547	separate	ADJ
core-wordnet-548			548	serious	ADJ
core-wordnet-549			549	sexual	ADJ
core-wordnet-550			550	shallow	ADJ
core-wordnet-551			551	shallow	ADJ
core-wordnet-552			552	sharp	ADJ
core-wordnet-553			553	short	ADJ
core-wordnet-554			554	short	ADJ
core-wordnet-555			555	shy	ADJ
core-wordnet-556			556	sick	ADJ
core-wordnet-557			557	similar	ADJ
core-wordnet-558			558	single	ADJ
core-wordnet-559			559	single	ADJ
core-wordnet-560			560	skilled	ADJ
core-wordnet-561			561	slippery	ADJ
core-wordnet-562			562	slow	ADJ
core-wordnet-563			563	small	ADJ
core-wordnet-564			564	smart	ADJ
core-wordnet-565			565	smooth	ADJ
core-wordnet-566			566	social	ADJ
core-wordnet-567			567	socialist	ADJ
core-wordnet-568			568	soft	ADJ
core-wordnet-569			569	soft	ADJ
core-wordnet-570			570	soft	ADJ
core-wordnet-571			571	solar	ADJ
core-wordnet-572			572	solid	ADJ
core-wordnet-573			573	solid	ADJ
core-wordnet-574			574	sophisticated	ADJ
core-wordnet-575			575	sound	ADJ
core-wordnet-576			576	sour	ADJ
core-wordnet-577			577	spatial	ADJ
core-wordnet-578			578	specified	ADJ
core-wordnet-579			579	spontaneous	ADJ
core-wordnet-580			580	square	ADJ
core-wordnet-581			581	stable	ADJ
core-wordnet-582			582	standard	ADJ
core-wordnet-583			583	statistical	ADJ
core-wordnet-584			584	steady	ADJ
core-wordnet-585			585	steep	ADJ
core-wordnet-586			586	sticky	ADJ
core-wordnet-587			587	muggy	ADJ
core-wordnet-588			588	still	ADJ
core-wordnet-589			589	straight	ADJ
core-wordnet-590			590	straight	ADJ
core-wordnet-591			591	strange	ADJ
core-wordnet-592			592	strategic	ADJ
core-wordnet-593			593	strict	ADJ
core-wordnet-594			594	strong	ADJ
core-wordnet-595			595	strong	ADJ
core-wordnet-596			596	strong	ADJ
core-wordnet-597			597	strong	ADJ
core-wordnet-598			598	structural	ADJ
core-wordnet-599			599	stubborn	ADJ
core-wordnet-600			600	stunning	ADJ
core-wordnet-601			601	stupid	ADJ
core-wordnet-602			602	subjective	ADJ
core-wordnet-603			603	subsequent	ADJ
core-wordnet-604			604	successful	ADJ
core-wordnet-605			605	sudden	ADJ
core-wordnet-606			606	sufficient	ADJ
core-wordnet-607			607	superior	ADJ
core-wordnet-608			608	supplementary	ADJ
core-wordnet-609			609	surprised	ADJ
core-wordnet-610			610	surprising	ADJ
core-wordnet-611			611	sweet	ADJ
core-wordnet-612			612	sympathetic	ADJ
core-wordnet-613			613	systematic	ADJ
core-wordnet-614			614	talented	ADJ
core-wordnet-615			615	talkative	ADJ
core-wordnet-616			616	tall	ADJ
core-wordnet-617			617	tasty	ADJ
core-wordnet-618			618	technical	ADJ
core-wordnet-619			619	temporary	ADJ
core-wordnet-620			620	tender	ADJ
core-wordnet-621			621	tender	ADJ
core-wordnet-622			622	tense	ADJ
core-wordnet-623			623	tense	ADJ
core-wordnet-624			624	terminal	ADJ
core-wordnet-625			625	thick	ADJ
core-wordnet-626			626	thick	ADJ
core-wordnet-627			627	thin	ADJ
core-wordnet-628			628	thirsty	ADJ
core-wordnet-629			629	thoughtful	ADJ
core-wordnet-630			630	tidy	ADJ
core-wordnet-631			631	tight	ADJ
core-wordnet-632			632	tired	ADJ
core-wordnet-633			633	tolerant	ADJ
core-wordnet-634			634	tough	ADJ
core-wordnet-635			635	tough	ADJ
core-wordnet-636			636	toxic	ADJ
core-wordnet-637			637	traditional	ADJ
core-wordnet-638			638	transparent	ADJ
core-wordnet-639			639	trivial	ADJ
core-wordnet-640			640	tropical	ADJ
core-wordnet-641			641	true	ADJ
core-wordnet-642			642	typical	ADJ
core-wordnet-643			643	ugly	ADJ
core-wordnet-644			644	ultimate	ADJ
core-wordnet-645			645	unanimous	ADJ
core-wordnet-646			646	unaware	ADJ
core-wordnet-647			647	uncomfortable	ADJ
core-wordnet-648			648	uneasy	ADJ
core-wordnet-649			649	unemployed	ADJ
core-wordnet-650			650	unexpected	ADJ
core-wordnet-651			651	unfair	ADJ
core-wordnet-652			652	unfortunate	ADJ
core-wordnet-653			653	uniform	ADJ
core-wordnet-654			654	unique	ADJ
core-wordnet-655			655	global	ADJ
core-wordnet-656			656	unlawful	ADJ
core-wordnet-657			657	unlike	ADJ
core-wordnet-658			658	unlikely	ADJ
core-wordnet-659			659	unpleasant	ADJ
core-wordnet-660			660	urban	ADJ
core-wordnet-661			661	useful	ADJ
core-wordnet-662			662	useless	ADJ
core-wordnet-663			663	usual	ADJ
core-wordnet-664			664	vacant	ADJ
core-wordnet-665			665	vague	ADJ
core-wordnet-666			666	vain	ADJ
core-wordnet-667			667	valid	ADJ
core-wordnet-668			668	valuable	ADJ
core-wordnet-669			669	varied	ADJ
core-wordnet-670			670	verbal	ADJ
core-wordnet-671			671	vertical	ADJ
core-wordnet-672			672	viable	ADJ
core-wordnet-673			673	vicious	ADJ
core-wordnet-674			674	vigorous	ADJ
core-wordnet-675			675	violent	ADJ
core-wordnet-676			676	visible	ADJ
core-wordnet-677			677	visual	ADJ
core-wordnet-678			678	vocational	ADJ
core-wordnet-679			679	voluntary	ADJ
core-wordnet-680			680	vulnerable	ADJ
core-wordnet-681			681	warm	ADJ
core-wordnet-682			682	warm	ADJ
core-wordnet-683			683	weak	ADJ
core-wordnet-684			684	weekly	ADJ
core-wordnet-685			685	welcome	ADJ
core-wordnet-686			686	well	ADJ
core-wordnet-687			687	wet	ADJ
core-wordnet-688			688	white	ADJ
core-wordnet-689			689	white	ADJ
core-wordnet-690			690	whole	ADJ
core-wordnet-691			691	wild	ADJ
core-wordnet-692			692	wild	ADJ
core-wordnet-693			693	wise	ADJ
core-wordnet-694			694	written	ADJ
core-wordnet-695			695	wrong	ADJ
core-wordnet-696			696	wrong	ADJ
core-wordnet-697			697	young	ADJ
core-wordnet-698			698	abbey	NOUN
core-wordnet-699			699	ability	NOUN
core-wordnet-700			700	abortion	NOUN
core-wordnet-701			701	absence	NOUN
core-wordnet-702			702	absorption	NOUN
core-wordnet-703			703	absorption	NOUN
core-wordnet-704			704	absorption	NOUN
core-wordnet-705			705	abuse	NOUN
core-wordnet-706			706	abuse	NOUN
core-wordnet-707			707	academy	NOUN
core-wordnet-708			708	accent	NOUN
core-wordnet-709			709	acceptance	NOUN
core-wordnet-710			710	access	NOUN
core-wordnet-711			711	access	NOUN
core-wordnet-712			712	accident	NOUN
core-wordnet-713			713	accident	NOUN
core-wordnet-714			714	account	NOUN
core-wordnet-715			715	account	NOUN
core-wordnet-716			716	accountant	NOUN
core-wordnet-717			717	accumulation	NOUN
core-wordnet-718			718	achievement	NOUN
core-wordnet-719			719	acid	NOUN
core-wordnet-720			720	acquaintance	NOUN
core-wordnet-721			721	acquaintance	NOUN
core-wordnet-722			722	acquisition	NOUN
core-wordnet-723			723	act	NOUN
core-wordnet-724			724	act	NOUN
core-wordnet-725			725	action	NOUN
core-wordnet-726			726	action	NOUN
core-wordnet-727			727	action	NOUN
core-wordnet-728			728	activity	NOUN
core-wordnet-729			729	addition	NOUN
core-wordnet-730			730	addition	NOUN
core-wordnet-731			731	address	NOUN
core-wordnet-732			732	administration	NOUN
core-wordnet-733			733	administrator	NOUN
core-wordnet-734			734	admiration	NOUN
core-wordnet-735			735	admission	NOUN
core-wordnet-736			736	admission	NOUN
core-wordnet-737			737	adoption	NOUN
core-wordnet-738			738	adult	NOUN
core-wordnet-739			739	advance	NOUN
core-wordnet-740			740	advantage	NOUN
core-wordnet-741			741	adventure	NOUN
core-wordnet-742			742	advertising	NOUN
core-wordnet-743			743	advice	NOUN
core-wordnet-744			744	adviser	NOUN
core-wordnet-745			745	advocate	NOUN
core-wordnet-746			746	affair	NOUN
core-wordnet-747			747	affinity	NOUN
core-wordnet-748			748	affinity	NOUN
core-wordnet-749			749	afternoon	NOUN
core-wordnet-750			750	age	NOUN
core-wordnet-751			751	old	NOUN
core-wordnet-752			752	age	NOUN
core-wordnet-753			753	agency	NOUN
core-wordnet-754			754	agenda	NOUN
core-wordnet-755			755	agent	NOUN
core-wordnet-756			756	agent	NOUN
core-wordnet-757			757	agony	NOUN
core-wordnet-758			758	agreement	NOUN
core-wordnet-759			759	agriculture	NOUN
core-wordnet-760			760	aid	NOUN
core-wordnet-761			761	AIDS	NOUN
core-wordnet-762			762	air	NOUN
core-wordnet-763			763	aircraft	NOUN
core-wordnet-764			764	airline	NOUN
core-wordnet-765			765	airport	NOUN
core-wordnet-766			766	aisle	NOUN
core-wordnet-767			767	alarm	NOUN
core-wordnet-768			768	alarm	NOUN
core-wordnet-769			769	alarm	NOUN
core-wordnet-770			770	album	NOUN
core-wordnet-771			771	album	NOUN
core-wordnet-772			772	alcohol	NOUN
core-wordnet-773			773	allocation	NOUN
core-wordnet-774			774	allowance	NOUN
core-wordnet-775			775	ally	NOUN
core-wordnet-776			776	ally	NOUN
core-wordnet-777			777	altar	NOUN
core-wordnet-778			778	aluminium	NOUN
core-wordnet-779			779	amateur	NOUN
core-wordnet-780			780	ambiguity	NOUN
core-wordnet-781			781	ambition	NOUN
core-wordnet-782			782	ambulance	NOUN
core-wordnet-783			783	amendment	NOUN
core-wordnet-784			784	analogy	NOUN
core-wordnet-785			785	analysis	NOUN
core-wordnet-786			786	analyst	NOUN
core-wordnet-787			787	angel	NOUN
core-wordnet-788			788	anger	NOUN
core-wordnet-789			789	angle	NOUN
core-wordnet-790			790	angle	NOUN
core-wordnet-791			791	animal	NOUN
core-wordnet-792			792	ankle	NOUN
core-wordnet-793			793	anniversary	NOUN
core-wordnet-794			794	announcement	NOUN
core-wordnet-795			795	answer	NOUN
core-wordnet-796			796	ant	NOUN
core-wordnet-797			797	anticipation	NOUN
core-wordnet-798			798	anxiety	NOUN
core-wordnet-799			799	apathy	NOUN
core-wordnet-800			800	apology	NOUN
core-wordnet-801			801	apparatus	NOUN
core-wordnet-802			802	appeal	NOUN
core-wordnet-803			803	appeal	NOUN
core-wordnet-804			804	appearance	NOUN
core-wordnet-805			805	appendix	NOUN
core-wordnet-806			806	appendix	NOUN
core-wordnet-807			807	appetite	NOUN
core-wordnet-808			808	apple	NOUN
core-wordnet-809			809	applicant	NOUN
core-wordnet-810			810	application	NOUN
core-wordnet-811			811	application	NOUN
core-wordnet-812			812	appointment	NOUN
core-wordnet-813			813	approval	NOUN
core-wordnet-814			814	aquarium	NOUN
core-wordnet-815			815	arch	NOUN
core-wordnet-816			816	architecture	NOUN
core-wordnet-817			817	archive	NOUN
core-wordnet-818			818	area	NOUN
core-wordnet-819			819	arena	NOUN
core-wordnet-820			820	argument	NOUN
core-wordnet-821			821	arm	NOUN
core-wordnet-822			822	armchair	NOUN
core-wordnet-823			823	army	NOUN
core-wordnet-824			824	arrangement	NOUN
core-wordnet-825			825	arrow	NOUN
core-wordnet-826			826	arrow	NOUN
core-wordnet-827			827	art	NOUN
core-wordnet-828			828	article	NOUN
core-wordnet-829			829	artist	NOUN
core-wordnet-830			830	ash	NOUN
core-wordnet-831			831	aspect	NOUN
core-wordnet-832			832	assault	NOUN
core-wordnet-833			833	rape	NOUN
core-wordnet-834			834	assembly	NOUN
core-wordnet-835			835	assembly	NOUN
core-wordnet-836			836	assertion	NOUN
core-wordnet-837			837	assessment	NOUN
core-wordnet-838			838	assessment	NOUN
core-wordnet-839			839	asset	NOUN
core-wordnet-840			840	assignment	NOUN
core-wordnet-841			841	association	NOUN
core-wordnet-842			842	association	NOUN
core-wordnet-843			843	association	NOUN
core-wordnet-844			844	assumption	NOUN
core-wordnet-845			845	assurance	NOUN
core-wordnet-846			846	asylum	NOUN
core-wordnet-847			847	athlete	NOUN
core-wordnet-848			848	atmosphere	NOUN
core-wordnet-849			849	atmosphere	NOUN
core-wordnet-850			850	atom	NOUN
core-wordnet-851			851	attachment	NOUN
core-wordnet-852			852	attachment	NOUN
core-wordnet-853			853	attack	NOUN
core-wordnet-854			854	attack	NOUN
core-wordnet-855			855	attention	NOUN
core-wordnet-856			856	attic	NOUN
core-wordnet-857			857	attitude	NOUN
core-wordnet-858			858	attraction	NOUN
core-wordnet-859			859	attraction	NOUN
core-wordnet-860			860	attraction	NOUN
core-wordnet-861			861	auction	NOUN
core-wordnet-862			862	audience	NOUN
core-wordnet-863			863	auditor	NOUN
core-wordnet-864			864	aunt	NOUN
core-wordnet-865			865	authority	NOUN
core-wordnet-866			866	authority	NOUN
core-wordnet-867			867	autonomy	NOUN
core-wordnet-868			868	avenue	NOUN
core-wordnet-869			869	average	NOUN
core-wordnet-870			870	aviation	NOUN
core-wordnet-871			871	award	NOUN
core-wordnet-872			872	axis	NOUN
core-wordnet-873			873	baby	NOUN
core-wordnet-874			874	back	NOUN
core-wordnet-875			875	back	NOUN
core-wordnet-876			876	background	NOUN
core-wordnet-877			877	background	NOUN
core-wordnet-878			878	background	NOUN
core-wordnet-879			879	bacon	NOUN
core-wordnet-880			880	suitcase	NOUN
core-wordnet-881			881	bag	NOUN
core-wordnet-882			882	bail	NOUN
core-wordnet-883			883	balance	NOUN
core-wordnet-884			884	balance	NOUN
core-wordnet-885			885	balance	NOUN
core-wordnet-886			886	balcony	NOUN
core-wordnet-887			887	ball	NOUN
core-wordnet-888			888	ball	NOUN
core-wordnet-889			889	ball	NOUN
core-wordnet-890			890	ballet	NOUN
core-wordnet-891			891	balloon	NOUN
core-wordnet-892			892	ballot	NOUN
core-wordnet-893			893	ban	NOUN
core-wordnet-894			894	banana	NOUN
core-wordnet-895			895	band	NOUN
core-wordnet-896			896	band	NOUN
core-wordnet-897			897	band	NOUN
core-wordnet-898			898	band	NOUN
core-wordnet-899			899	bang	NOUN
core-wordnet-900			900	bank	NOUN
core-wordnet-901			901	bank	NOUN
core-wordnet-902			902	bankruptcy	NOUN
core-wordnet-903			903	banner	NOUN
core-wordnet-904			904	bar	NOUN
core-wordnet-905			905	bar	NOUN
core-wordnet-906			906	bar	NOUN
core-wordnet-907			907	bar	NOUN
core-wordnet-908			908	bark	NOUN
core-wordnet-909			909	barrel	NOUN
core-wordnet-910			910	barrel	NOUN
core-wordnet-911			911	barrier	NOUN
core-wordnet-912			912	base	NOUN
core-wordnet-913			913	base	NOUN
core-wordnet-914			914	base	NOUN
core-wordnet-915			915	baseball	NOUN
core-wordnet-916			916	basin	NOUN
core-wordnet-917			917	basis	NOUN
core-wordnet-918			918	basket	NOUN
core-wordnet-919			919	basketball	NOUN
core-wordnet-920			920	bat	NOUN
core-wordnet-921			921	bathtub	NOUN
core-wordnet-922			922	bathroom	NOUN
core-wordnet-923			923	battery	NOUN
core-wordnet-924			924	battery	NOUN
core-wordnet-925			925	battle	NOUN
core-wordnet-926			926	battlefield	NOUN
core-wordnet-927			927	bay	NOUN
core-wordnet-928			928	beach	NOUN
core-wordnet-929			929	beam	NOUN
core-wordnet-930			930	beam	NOUN
core-wordnet-931			931	bean	NOUN
core-wordnet-932			932	bear	NOUN
core-wordnet-933			933	beard	NOUN
core-wordnet-934			934	beat	NOUN
core-wordnet-935			935	bed	NOUN
core-wordnet-936			936	bed	NOUN
core-wordnet-937			937	bedroom	NOUN
core-wordnet-938			938	bee	NOUN
core-wordnet-939			939	beef	NOUN
core-wordnet-940			940	beer	NOUN
core-wordnet-941			941	beginning	NOUN
core-wordnet-942			942	behavior	NOUN
core-wordnet-943			943	belief	NOUN
core-wordnet-944			944	bell	NOUN
core-wordnet-945			945	belly	NOUN
core-wordnet-946			946	belt	NOUN
core-wordnet-947			947	bench	NOUN
core-wordnet-948			948	bench	NOUN
core-wordnet-949			949	beneficiary	NOUN
core-wordnet-950			950	benefit	NOUN
core-wordnet-951			951	benefit	NOUN
core-wordnet-952			952	berry	NOUN
core-wordnet-953			953	bet	NOUN
core-wordnet-954			954	Bible	NOUN
core-wordnet-955			955	motorcycle	NOUN
core-wordnet-956			956	bill	NOUN
core-wordnet-957			957	bill	NOUN
core-wordnet-958			958	bin	NOUN
core-wordnet-959			959	biography	NOUN
core-wordnet-960			960	biology	NOUN
core-wordnet-961			961	bird	NOUN
core-wordnet-962			962	birthday	NOUN
core-wordnet-963			963	biscuit	NOUN
core-wordnet-964			964	bishop	NOUN
core-wordnet-965			965	bitch	NOUN
core-wordnet-966			966	bitch	NOUN
core-wordnet-967			967	snack	NOUN
core-wordnet-968			968	bite	NOUN
core-wordnet-969			969	black	NOUN
core-wordnet-970			970	blackmail	NOUN
core-wordnet-971			971	blade	NOUN
core-wordnet-972			972	blade	NOUN
core-wordnet-973			973	blast	NOUN
core-wordnet-974			974	block	NOUN
core-wordnet-975			975	block	NOUN
core-wordnet-976			976	blood	NOUN
core-wordnet-977			977	bloodshed	NOUN
core-wordnet-978			978	blow	NOUN
core-wordnet-979			979	blow	NOUN
core-wordnet-980			980	blue	NOUN
core-wordnet-981			981	blue	NOUN
core-wordnet-982			982	board	NOUN
core-wordnet-983			983	board	NOUN
core-wordnet-984			984	board	NOUN
core-wordnet-985			985	boat	NOUN
core-wordnet-986			986	body	NOUN
core-wordnet-987			987	body	NOUN
core-wordnet-988			988	body	NOUN
core-wordnet-989			989	bolt	NOUN
core-wordnet-990			990	bolt	NOUN
core-wordnet-991			991	bomb	NOUN
core-wordnet-992			992	bomber	NOUN
core-wordnet-993			993	bomber	NOUN
core-wordnet-994			994	bond	NOUN
core-wordnet-995			995	bond	NOUN
core-wordnet-996			996	bond	NOUN
core-wordnet-997			997	bone	NOUN
core-wordnet-998			998	book	NOUN
core-wordnet-999			999	book	NOUN
core-wordnet-1000			1000	boom	NOUN
core-wordnet-1001			1001	boot	NOUN
core-wordnet-1002			1002	border	NOUN
core-wordnet-1003			1003	bottle	NOUN
core-wordnet-1004			1004	freighter	NOUN
core-wordnet-1005			1005	bottom	NOUN
core-wordnet-1006			1006	bow	NOUN
core-wordnet-1007			1007	bow	NOUN
core-wordnet-1008			1008	bowel	NOUN
core-wordnet-1009			1009	bowl	NOUN
core-wordnet-1010			1010	stadium	NOUN
core-wordnet-1011			1011	box	NOUN
core-wordnet-1012			1012	boy	NOUN
core-wordnet-1013			1013	bracket	NOUN
core-wordnet-1014			1014	bracket	NOUN
core-wordnet-1015			1015	brain	NOUN
core-wordnet-1016			1016	brain	NOUN
core-wordnet-1017			1017	brake	NOUN
core-wordnet-1018			1018	branch	NOUN
core-wordnet-1019			1019	brand	NOUN
core-wordnet-1020			1020	bread	NOUN
core-wordnet-1021			1021	break	NOUN
core-wordnet-1022			1022	break	NOUN
core-wordnet-1023			1023	breakdown	NOUN
core-wordnet-1024			1024	breakdown	NOUN
core-wordnet-1025			1025	breakfast	NOUN
core-wordnet-1026			1026	breast	NOUN
core-wordnet-1027			1027	breeze	NOUN
core-wordnet-1028			1028	brewery	NOUN
core-wordnet-1029			1029	brick	NOUN
core-wordnet-1030			1030	bride	NOUN
core-wordnet-1031			1031	bridge	NOUN
core-wordnet-1032			1032	broadcast	NOUN
core-wordnet-1033			1033	broccoli	NOUN
core-wordnet-1034			1034	bronze	NOUN
core-wordnet-1035			1035	brother	NOUN
core-wordnet-1036			1036	brother	NOUN
core-wordnet-1037			1037	brother	NOUN
core-wordnet-1038			1038	brush	NOUN
core-wordnet-1039			1039	bubble	NOUN
core-wordnet-1040			1040	bucket	NOUN
core-wordnet-1041			1041	budget	NOUN
core-wordnet-1042			1042	buffet	NOUN
core-wordnet-1043			1043	building	NOUN
core-wordnet-1044			1044	bulb	NOUN
core-wordnet-1045			1045	bulb	NOUN
core-wordnet-1046			1046	bullet	NOUN
core-wordnet-1047			1047	bulletin	NOUN
core-wordnet-1048			1048	bundle	NOUN
core-wordnet-1049			1049	bureaucracy	NOUN
core-wordnet-1050			1050	burial	NOUN
core-wordnet-1051			1051	burn	NOUN
core-wordnet-1052			1052	suntan	NOUN
core-wordnet-1053			1053	bus	NOUN
core-wordnet-1054			1054	bush	NOUN
core-wordnet-1055			1055	business	NOUN
core-wordnet-1056			1056	business	NOUN
core-wordnet-1057			1057	businessman	NOUN
core-wordnet-1058			1058	butter	NOUN
core-wordnet-1059			1059	butterfly	NOUN
core-wordnet-1060			1060	button	NOUN
core-wordnet-1061			1061	button	NOUN
core-wordnet-1062			1062	cabin	NOUN
core-wordnet-1063			1063	cabin	NOUN
core-wordnet-1064			1064	cabinet	NOUN
core-wordnet-1065			1065	cabinet	NOUN
core-wordnet-1066			1066	cable	NOUN
core-wordnet-1067			1067	cafe	NOUN
core-wordnet-1068			1068	cage	NOUN
core-wordnet-1069			1069	cake	NOUN
core-wordnet-1070			1070	calculation	NOUN
core-wordnet-1071			1071	calculation	NOUN
core-wordnet-1072			1072	calendar	NOUN
core-wordnet-1073			1073	calf	NOUN
core-wordnet-1074			1074	call	NOUN
core-wordnet-1075			1075	call	NOUN
core-wordnet-1076			1076	call	NOUN
core-wordnet-1077			1077	call	NOUN
core-wordnet-1078			1078	calorie	NOUN
core-wordnet-1079			1079	camera	NOUN
core-wordnet-1080			1080	camp	NOUN
core-wordnet-1081			1081	camp	NOUN
core-wordnet-1082			1082	camp	NOUN
core-wordnet-1083			1083	clique	NOUN
core-wordnet-1084			1084	campaign	NOUN
core-wordnet-1085			1085	safari	NOUN
core-wordnet-1086			1086	campaign	NOUN
core-wordnet-1087			1087	cancer	NOUN
core-wordnet-1088			1088	candidate	NOUN
core-wordnet-1089			1089	candle	NOUN
core-wordnet-1090			1090	cane	NOUN
core-wordnet-1091			1091	canvas	NOUN
core-wordnet-1092			1092	cap	NOUN
core-wordnet-1093			1093	cap	NOUN
core-wordnet-1094			1094	capital	NOUN
core-wordnet-1095			1095	capital	NOUN
core-wordnet-1096			1096	capital	NOUN
core-wordnet-1097			1097	capitalism	NOUN
core-wordnet-1098			1098	captain	NOUN
core-wordnet-1099			1099	car	NOUN
core-wordnet-1100			1100	carbon	NOUN
core-wordnet-1101			1101	card	NOUN
core-wordnet-1102			1102	card	NOUN
core-wordnet-1103			1103	card	NOUN
core-wordnet-1104			1104	card	NOUN
core-wordnet-1105			1105	card	NOUN
core-wordnet-1106			1106	care	NOUN
core-wordnet-1107			1107	care	NOUN
core-wordnet-1108			1108	care	NOUN
core-wordnet-1109			1109	concern	NOUN
core-wordnet-1110			1110	career	NOUN
core-wordnet-1111			1111	carpet	NOUN
core-wordnet-1112			1112	carriage	NOUN
core-wordnet-1113			1113	posture	NOUN
core-wordnet-1114			1114	mail	NOUN
core-wordnet-1115			1115	carrot	NOUN
core-wordnet-1116			1116	cart	NOUN
core-wordnet-1117			1117	case	NOUN
core-wordnet-1118			1118	case	NOUN
core-wordnet-1119			1119	case	NOUN
core-wordnet-1120			1120	cash	NOUN
core-wordnet-1121			1121	cassette	NOUN
core-wordnet-1122			1122	cast	NOUN
core-wordnet-1123			1123	cast	NOUN
core-wordnet-1124			1124	castle	NOUN
core-wordnet-1125			1125	casualty	NOUN
core-wordnet-1126			1126	cat	NOUN
core-wordnet-1127			1127	catalogue	NOUN
core-wordnet-1128			1128	catch	NOUN
core-wordnet-1129			1129	category	NOUN
core-wordnet-1130			1130	cathedral	NOUN
core-wordnet-1131			1131	cattle	NOUN
core-wordnet-1132			1132	cause	NOUN
core-wordnet-1133			1133	cave	NOUN
core-wordnet-1134			1134	ceiling	NOUN
core-wordnet-1135			1135	ceiling	NOUN
core-wordnet-1136			1136	celebration	NOUN
core-wordnet-1137			1137	cell	NOUN
core-wordnet-1138			1138	cell	NOUN
core-wordnet-1139			1139	cell	NOUN
core-wordnet-1140			1140	cell	NOUN
core-wordnet-1141			1141	cellar	NOUN
core-wordnet-1142			1142	cemetery	NOUN
core-wordnet-1143			1143	censorship	NOUN
core-wordnet-1144			1144	census	NOUN
core-wordnet-1145			1145	center	NOUN
core-wordnet-1146			1146	center	NOUN
core-wordnet-1147			1147	center	NOUN
core-wordnet-1148			1148	century	NOUN
core-wordnet-1149			1149	cereal	NOUN
core-wordnet-1150			1150	ceremony	NOUN
core-wordnet-1151			1151	certificate	NOUN
core-wordnet-1152			1152	chain	NOUN
core-wordnet-1153			1153	necklace	NOUN
core-wordnet-1154			1154	chain	NOUN
core-wordnet-1155			1155	chair	NOUN
core-wordnet-1156			1156	chair	NOUN
core-wordnet-1157			1157	chalk	NOUN
core-wordnet-1158			1158	challenge	NOUN
core-wordnet-1159			1159	challenge	NOUN
core-wordnet-1160			1160	champagne	NOUN
core-wordnet-1161			1161	champion	NOUN
core-wordnet-1162			1162	chance	NOUN
core-wordnet-1163			1163	chance	NOUN
core-wordnet-1164			1164	chance	NOUN
core-wordnet-1165			1165	change	NOUN
core-wordnet-1166			1166	change	NOUN
core-wordnet-1167			1167	channel	NOUN
core-wordnet-1168			1168	channel	NOUN
core-wordnet-1169			1169	chaos	NOUN
core-wordnet-1170			1170	crevice	NOUN
core-wordnet-1171			1171	chapter	NOUN
core-wordnet-1172			1172	character	NOUN
core-wordnet-1173			1173	character	NOUN
core-wordnet-1174			1174	character	NOUN
core-wordnet-1175			1175	characteristic	NOUN
core-wordnet-1176			1176	charge	NOUN
core-wordnet-1177			1177	charge	NOUN
core-wordnet-1178			1178	charge	NOUN
core-wordnet-1179			1179	charity	NOUN
core-wordnet-1180			1180	charity	NOUN
core-wordnet-1181			1181	charm	NOUN
core-wordnet-1182			1182	chart	NOUN
core-wordnet-1183			1183	chart	NOUN
core-wordnet-1184			1184	charter	NOUN
core-wordnet-1185			1185	chauvinist	NOUN
core-wordnet-1186			1186	check	NOUN
core-wordnet-1187			1187	check	NOUN
core-wordnet-1188			1188	check	NOUN
core-wordnet-1189			1189	check	NOUN
core-wordnet-1190			1190	cheek	NOUN
core-wordnet-1191			1191	cheek	NOUN
core-wordnet-1192			1192	cheek	NOUN
core-wordnet-1193			1193	cheese	NOUN
core-wordnet-1194			1194	chemical	NOUN
core-wordnet-1195			1195	chemistry	NOUN
core-wordnet-1196			1196	cheque	NOUN
core-wordnet-1197			1197	cherry	NOUN
core-wordnet-1198			1198	chest	NOUN
core-wordnet-1199			1199	chest	NOUN
core-wordnet-1200			1200	chicken	NOUN
core-wordnet-1201			1201	chicken	NOUN
core-wordnet-1202			1202	chief	NOUN
core-wordnet-1203			1203	child	NOUN
core-wordnet-1204			1204	childhood	NOUN
core-wordnet-1205			1205	chimney	NOUN
core-wordnet-1206			1206	chin	NOUN
core-wordnet-1207			1207	chip	NOUN
core-wordnet-1208			1208	chip	NOUN
core-wordnet-1209			1209	chip	NOUN
core-wordnet-1210			1210	chocolate	NOUN
core-wordnet-1211			1211	choice	NOUN
core-wordnet-1212			1212	chord	NOUN
core-wordnet-1213			1213	chorus	NOUN
core-wordnet-1214			1214	church	NOUN
core-wordnet-1215			1215	cigarette	NOUN
core-wordnet-1216			1216	cinema	NOUN
core-wordnet-1217			1217	circle	NOUN
core-wordnet-1218			1218	circulation	NOUN
core-wordnet-1219			1219	circumstance	NOUN
core-wordnet-1220			1220	citizen	NOUN
core-wordnet-1221			1221	city	NOUN
core-wordnet-1222			1222	civilian	NOUN
core-wordnet-1223			1223	civilization	NOUN
core-wordnet-1224			1224	claim	NOUN
core-wordnet-1225			1225	claim	NOUN
core-wordnet-1226			1226	clash	NOUN
core-wordnet-1227			1227	class	NOUN
core-wordnet-1228			1228	class	NOUN
core-wordnet-1229			1229	classroom	NOUN
core-wordnet-1230			1230	corpse	NOUN
core-wordnet-1231			1231	clay	NOUN
core-wordnet-1232			1232	clearance	NOUN
core-wordnet-1233			1233	clerk	NOUN
core-wordnet-1234			1234	salesperson	NOUN
core-wordnet-1235			1235	climate	NOUN
core-wordnet-1236			1236	clinic	NOUN
core-wordnet-1237			1237	clock	NOUN
core-wordnet-1238			1238	clothes	NOUN
core-wordnet-1239			1239	cloud	NOUN
core-wordnet-1240			1240	club	NOUN
core-wordnet-1241			1241	club	NOUN
core-wordnet-1242			1242	club	NOUN
core-wordnet-1243			1243	club	NOUN
core-wordnet-1244			1244	clue	NOUN
core-wordnet-1245			1245	cluster	NOUN
core-wordnet-1246			1246	coach	NOUN
core-wordnet-1247			1247	coal	NOUN
core-wordnet-1248			1248	coalition	NOUN
core-wordnet-1249			1249	coast	NOUN
core-wordnet-1250			1250	coat	NOUN
core-wordnet-1251			1251	coat	NOUN
core-wordnet-1252			1252	code	NOUN
core-wordnet-1253			1253	code	NOUN
core-wordnet-1254			1254	coffee	NOUN
core-wordnet-1255			1255	coffin	NOUN
core-wordnet-1256			1256	coin	NOUN
core-wordnet-1257			1257	coincidence	NOUN
core-wordnet-1258			1258	cold	NOUN
core-wordnet-1259			1259	cold	NOUN
core-wordnet-1260			1260	collar	NOUN
core-wordnet-1261			1261	colleague	NOUN
core-wordnet-1262			1262	collection	NOUN
core-wordnet-1263			1263	college	NOUN
core-wordnet-1264			1264	colon	NOUN
core-wordnet-1265			1265	colon	NOUN
core-wordnet-1266			1266	colony	NOUN
core-wordnet-1267			1267	color	NOUN
core-wordnet-1268			1268	column	NOUN
core-wordnet-1269			1269	column	NOUN
core-wordnet-1270			1270	coma	NOUN
core-wordnet-1271			1271	combination	NOUN
core-wordnet-1272			1272	comedy	NOUN
core-wordnet-1273			1273	comet	NOUN
core-wordnet-1274			1274	comfort	NOUN
core-wordnet-1275			1275	comfort	NOUN
core-wordnet-1276			1276	comfort	NOUN
core-wordnet-1277			1277	command	NOUN
core-wordnet-1278			1278	command	NOUN
core-wordnet-1279			1279	comment	NOUN
core-wordnet-1280			1280	gossip	NOUN
core-wordnet-1281			1281	commerce	NOUN
core-wordnet-1282			1282	commission	NOUN
core-wordnet-1283			1283	commission	NOUN
core-wordnet-1284			1284	commitment	NOUN
core-wordnet-1285			1285	committee	NOUN
core-wordnet-1286			1286	communication	NOUN
core-wordnet-1287			1287	communist	NOUN
core-wordnet-1288			1288	community	NOUN
core-wordnet-1289			1289	compact	NOUN
core-wordnet-1290			1290	company	NOUN
core-wordnet-1291			1291	company	NOUN
core-wordnet-1292			1292	comparison	NOUN
core-wordnet-1293			1293	compartment	NOUN
core-wordnet-1294			1294	compensation	NOUN
core-wordnet-1295			1295	competence	NOUN
core-wordnet-1296			1296	competition	NOUN
core-wordnet-1297			1297	competition	NOUN
core-wordnet-1298			1298	compliance	NOUN
core-wordnet-1299			1299	complication	NOUN
core-wordnet-1300			1300	composer	NOUN
core-wordnet-1301			1301	compound	NOUN
core-wordnet-1302			1302	compromise	NOUN
core-wordnet-1303			1303	computer	NOUN
core-wordnet-1304			1304	computing	NOUN
core-wordnet-1305			1305	concentration	NOUN
core-wordnet-1306			1306	concentration	NOUN
core-wordnet-1307			1307	concept	NOUN
core-wordnet-1308			1308	conception	NOUN
core-wordnet-1309			1309	concern	NOUN
core-wordnet-1310			1310	concern	NOUN
core-wordnet-1311			1311	concert	NOUN
core-wordnet-1312			1312	concession	NOUN
core-wordnet-1313			1313	conclusion	NOUN
core-wordnet-1314			1314	concrete	NOUN
core-wordnet-1315			1315	condition	NOUN
core-wordnet-1316			1316	condition	NOUN
core-wordnet-1317			1317	terms	NOUN
core-wordnet-1318			1318	condition	NOUN
core-wordnet-1319			1319	conductor	NOUN
core-wordnet-1320			1320	conductor	NOUN
core-wordnet-1321			1321	conference	NOUN
core-wordnet-1322			1322	confession	NOUN
core-wordnet-1323			1323	confidence	NOUN
core-wordnet-1324			1324	conflict	NOUN
core-wordnet-1325			1325	conflict	NOUN
core-wordnet-1326			1326	confrontation	NOUN
core-wordnet-1327			1327	confusion	NOUN
core-wordnet-1328			1328	conglomerate	NOUN
core-wordnet-1329			1329	congress	NOUN
core-wordnet-1330			1330	connection	NOUN
core-wordnet-1331			1331	connection	NOUN
core-wordnet-1332			1332	connection	NOUN
core-wordnet-1333			1333	conscience	NOUN
core-wordnet-1334			1334	consciousness	NOUN
core-wordnet-1335			1335	consensus	NOUN
core-wordnet-1336			1336	conservation	NOUN
core-wordnet-1337			1337	consideration	NOUN
core-wordnet-1338			1338	consideration	NOUN
core-wordnet-1339			1339	conspiracy	NOUN
core-wordnet-1340			1340	constellation	NOUN
core-wordnet-1341			1341	constituency	NOUN
core-wordnet-1342			1342	constitution	NOUN
core-wordnet-1343			1343	constitution	NOUN
core-wordnet-1344			1344	constraint	NOUN
core-wordnet-1345			1345	consultation	NOUN
core-wordnet-1346			1346	consumer	NOUN
core-wordnet-1347			1347	consumption	NOUN
core-wordnet-1348			1348	contact	NOUN
core-wordnet-1349			1349	contact	NOUN
core-wordnet-1350			1350	contact	NOUN
core-wordnet-1351			1351	contemporary	NOUN
core-wordnet-1352			1352	contempt	NOUN
core-wordnet-1353			1353	content	NOUN
core-wordnet-1354			1354	contest	NOUN
core-wordnet-1355			1355	context	NOUN
core-wordnet-1356			1356	continuation	NOUN
core-wordnet-1357			1357	contract	NOUN
core-wordnet-1358			1358	contraction	NOUN
core-wordnet-1359			1359	contradiction	NOUN
core-wordnet-1360			1360	contrary	NOUN
core-wordnet-1361			1361	contrast	NOUN
core-wordnet-1362			1362	contribution	NOUN
core-wordnet-1363			1363	control	NOUN
core-wordnet-1364			1364	control	NOUN
core-wordnet-1365			1365	convenience	NOUN
core-wordnet-1366			1366	convention	NOUN
core-wordnet-1367			1367	convention	NOUN
core-wordnet-1368			1368	conversation	NOUN
core-wordnet-1369			1369	conviction	NOUN
core-wordnet-1370			1370	cook	NOUN
core-wordnet-1371			1371	cooperation	NOUN
core-wordnet-1372			1372	copper	NOUN
core-wordnet-1373			1373	copy	NOUN
core-wordnet-1374			1374	copyright	NOUN
core-wordnet-1375			1375	cord	NOUN
core-wordnet-1376			1376	core	NOUN
core-wordnet-1377			1377	corn	NOUN
core-wordnet-1378			1378	corner	NOUN
core-wordnet-1379			1379	corner	NOUN
core-wordnet-1380			1380	correction	NOUN
core-wordnet-1381			1381	correlation	NOUN
core-wordnet-1382			1382	correspondence	NOUN
core-wordnet-1383			1383	corruption	NOUN
core-wordnet-1384			1384	costume	NOUN
core-wordnet-1385			1385	cottage	NOUN
core-wordnet-1386			1386	cotton	NOUN
core-wordnet-1387			1387	council	NOUN
core-wordnet-1388			1388	counter	NOUN
core-wordnet-1389			1389	country	NOUN
core-wordnet-1390			1390	country	NOUN
core-wordnet-1391			1391	countryside	NOUN
core-wordnet-1392			1392	coup	NOUN
core-wordnet-1393			1393	couple	NOUN
core-wordnet-1394			1394	courage	NOUN
core-wordnet-1395			1395	course	NOUN
core-wordnet-1396			1396	course	NOUN
core-wordnet-1397			1397	course	NOUN
core-wordnet-1398			1398	court	NOUN
core-wordnet-1399			1399	court	NOUN
core-wordnet-1400			1400	court	NOUN
core-wordnet-1401			1401	courtesy	NOUN
core-wordnet-1402			1402	cousin	NOUN
core-wordnet-1403			1403	cover	NOUN
core-wordnet-1404			1404	cover	NOUN
core-wordnet-1405			1405	coverage	NOUN
core-wordnet-1406			1406	coverage	NOUN
core-wordnet-1407			1407	cow	NOUN
core-wordnet-1408			1408	wisecrack	NOUN
core-wordnet-1409			1409	crack	NOUN
core-wordnet-1410			1410	cunning	NOUN
core-wordnet-1411			1411	craft	NOUN
core-wordnet-1412			1412	craftsman	NOUN
core-wordnet-1413			1413	crash	NOUN
core-wordnet-1414			1414	crash	NOUN
core-wordnet-1415			1415	cream	NOUN
core-wordnet-1416			1416	cream	NOUN
core-wordnet-1417			1417	creation	NOUN
core-wordnet-1418			1418	credibility	NOUN
core-wordnet-1419			1419	credit	NOUN
core-wordnet-1420			1420	credit	NOUN
core-wordnet-1421			1421	credit	NOUN
core-wordnet-1422			1422	credit	NOUN
core-wordnet-1423			1423	credit	NOUN
core-wordnet-1424			1424	creed	NOUN
core-wordnet-1425			1425	crew	NOUN
core-wordnet-1426			1426	cricket	NOUN
core-wordnet-1427			1427	crime	NOUN
core-wordnet-1428			1428	criminal	NOUN
core-wordnet-1429			1429	crisis	NOUN
core-wordnet-1430			1430	critic	NOUN
core-wordnet-1431			1431	criticism	NOUN
core-wordnet-1432			1432	crop	NOUN
core-wordnet-1433			1433	cross	NOUN
core-wordnet-1434			1434	cross	NOUN
core-wordnet-1435			1435	crosswalk	NOUN
core-wordnet-1436			1436	crossing	NOUN
core-wordnet-1437			1437	crowd	NOUN
core-wordnet-1438			1438	crown	NOUN
core-wordnet-1439			1439	cruelty	NOUN
core-wordnet-1440			1440	crutch	NOUN
core-wordnet-1441			1441	crystal	NOUN
core-wordnet-1442			1442	crystal	NOUN
core-wordnet-1443			1443	cucumber	NOUN
core-wordnet-1444			1444	culture	NOUN
core-wordnet-1445			1445	culture	NOUN
core-wordnet-1446			1446	culture	NOUN
core-wordnet-1447			1447	culture	NOUN
core-wordnet-1448			1448	cup	NOUN
core-wordnet-1449			1449	cup	NOUN
core-wordnet-1450			1450	cupboard	NOUN
core-wordnet-1451			1451	currency	NOUN
core-wordnet-1452			1452	current	NOUN
core-wordnet-1453			1453	curriculum	NOUN
core-wordnet-1454			1454	curtain	NOUN
core-wordnet-1455			1455	curve	NOUN
core-wordnet-1456			1456	curve	NOUN
core-wordnet-1457			1457	curve	NOUN
core-wordnet-1458			1458	cushion	NOUN
core-wordnet-1459			1459	custody	NOUN
core-wordnet-1460			1460	customer	NOUN
core-wordnet-1461			1461	snub	NOUN
core-wordnet-1462			1462	cut	NOUN
core-wordnet-1463			1463	cut	NOUN
core-wordnet-1464			1464	cut	NOUN
core-wordnet-1465			1465	cutting	NOUN
core-wordnet-1466			1466	cycle	NOUN
core-wordnet-1467			1467	cylinder	NOUN
core-wordnet-1468			1468	dairy	NOUN
core-wordnet-1469			1469	damage	NOUN
core-wordnet-1470			1470	danger	NOUN
core-wordnet-1471			1471	dark	NOUN
core-wordnet-1472			1472	date	NOUN
core-wordnet-1473			1473	date	NOUN
core-wordnet-1474			1474	date	NOUN
core-wordnet-1475			1475	date	NOUN
core-wordnet-1476			1476	daughter	NOUN
core-wordnet-1477			1477	day	NOUN
core-wordnet-1478			1478	daylight	NOUN
core-wordnet-1479			1479	deadline	NOUN
core-wordnet-1480			1480	deal	NOUN
core-wordnet-1481			1481	deal	NOUN
core-wordnet-1482			1482	dealer	NOUN
core-wordnet-1483			1483	death	NOUN
core-wordnet-1484			1484	debate	NOUN
core-wordnet-1485			1485	debt	NOUN
core-wordnet-1486			1486	decade	NOUN
core-wordnet-1487			1487	decay	NOUN
core-wordnet-1488			1488	decay	NOUN
core-wordnet-1489			1489	deck	NOUN
core-wordnet-1490			1490	deck	NOUN
core-wordnet-1491			1491	declaration	NOUN
core-wordnet-1492			1492	decoration	NOUN
core-wordnet-1493			1493	decrease	NOUN
core-wordnet-1494			1494	deer	NOUN
core-wordnet-1495			1495	default	NOUN
core-wordnet-1496			1496	nonremittal	NOUN
core-wordnet-1497			1497	defeat	NOUN
core-wordnet-1498			1498	defendant	NOUN
core-wordnet-1499			1499	deficiency	NOUN
core-wordnet-1500			1500	deficit	NOUN
core-wordnet-1501			1501	definition	NOUN
core-wordnet-1502			1502	degree	NOUN
core-wordnet-1503			1503	degree	NOUN
core-wordnet-1504			1504	degree	NOUN
core-wordnet-1505			1505	degree	NOUN
core-wordnet-1506			1506	delay	NOUN
core-wordnet-1507			1507	delegate	NOUN
core-wordnet-1508			1508	delivery	NOUN
core-wordnet-1509			1509	demand	NOUN
core-wordnet-1510			1510	demand	NOUN
core-wordnet-1511			1511	democracy	NOUN
core-wordnet-1512			1512	demonstration	NOUN
core-wordnet-1513			1513	demonstration	NOUN
core-wordnet-1514			1514	demonstrator	NOUN
core-wordnet-1515			1515	denial	NOUN
core-wordnet-1516			1516	density	NOUN
core-wordnet-1517			1517	dentist	NOUN
core-wordnet-1518			1518	departure	NOUN
core-wordnet-1519			1519	dependence	NOUN
core-wordnet-1520			1520	deposit	NOUN
core-wordnet-1521			1521	deposit	NOUN
core-wordnet-1522			1522	deposit	NOUN
core-wordnet-1523			1523	depression	NOUN
core-wordnet-1524			1524	depression	NOUN
core-wordnet-1525			1525	depression	NOUN
core-wordnet-1526			1526	depression	NOUN
core-wordnet-1527			1527	deprivation	NOUN
core-wordnet-1528			1528	deputy	NOUN
core-wordnet-1529			1529	descent	NOUN
core-wordnet-1530			1530	lineage	NOUN
core-wordnet-1531			1531	desert	NOUN
core-wordnet-1532			1532	design	NOUN
core-wordnet-1533			1533	design	NOUN
core-wordnet-1534			1534	architect	NOUN
core-wordnet-1535			1535	designer	NOUN
core-wordnet-1536			1536	designer	NOUN
core-wordnet-1537			1537	desire	NOUN
core-wordnet-1538			1538	desk	NOUN
core-wordnet-1539			1539	despair	NOUN
core-wordnet-1540			1540	destruction	NOUN
core-wordnet-1541			1541	detail	NOUN
core-wordnet-1542			1542	detective	NOUN
core-wordnet-1543			1543	detector	NOUN
core-wordnet-1544			1544	development	NOUN
core-wordnet-1545			1545	development	NOUN
core-wordnet-1546			1546	deviation	NOUN
core-wordnet-1547			1547	diagnosis	NOUN
core-wordnet-1548			1548	diagram	NOUN
core-wordnet-1549			1549	dialect	NOUN
core-wordnet-1550			1550	dialogue	NOUN
core-wordnet-1551			1551	dialogue	NOUN
core-wordnet-1552			1552	diameter	NOUN
core-wordnet-1553			1553	diamond	NOUN
core-wordnet-1554			1554	dictionary	NOUN
core-wordnet-1555			1555	diet	NOUN
core-wordnet-1556			1556	difference	NOUN
core-wordnet-1557			1557	difference	NOUN
core-wordnet-1558			1558	difficulty	NOUN
core-wordnet-1559			1559	difficulty	NOUN
core-wordnet-1560			1560	dignity	NOUN
core-wordnet-1561			1561	dilemma	NOUN
core-wordnet-1562			1562	dimension	NOUN
core-wordnet-1563			1563	dinner	NOUN
core-wordnet-1564			1564	diplomat	NOUN
core-wordnet-1565			1565	direction	NOUN
core-wordnet-1566			1566	direction	NOUN
core-wordnet-1567			1567	director	NOUN
core-wordnet-1568			1568	director	NOUN
core-wordnet-1569			1569	directory	NOUN
core-wordnet-1570			1570	disability	NOUN
core-wordnet-1571			1571	disadvantage	NOUN
core-wordnet-1572			1572	disagreement	NOUN
core-wordnet-1573			1573	disappointment	NOUN
core-wordnet-1574			1574	disaster	NOUN
core-wordnet-1575			1575	discipline	NOUN
core-wordnet-1576			1576	disco	NOUN
core-wordnet-1577			1577	discount	NOUN
core-wordnet-1578			1578	sermon	NOUN
core-wordnet-1579			1579	discovery	NOUN
core-wordnet-1580			1580	discrimination	NOUN
core-wordnet-1581			1581	disease	NOUN
core-wordnet-1582			1582	dish	NOUN
core-wordnet-1583			1583	dish	NOUN
core-wordnet-1584			1584	dish	NOUN
core-wordnet-1585			1585	disk	NOUN
core-wordnet-1586			1586	dismissal	NOUN
core-wordnet-1587			1587	disorder	NOUN
core-wordnet-1588			1588	display	NOUN
core-wordnet-1589			1589	disposition	NOUN
core-wordnet-1590			1590	distance	NOUN
core-wordnet-1591			1591	distance	NOUN
core-wordnet-1592			1592	distortion	NOUN
core-wordnet-1593			1593	distortion	NOUN
core-wordnet-1594			1594	distributor	NOUN
core-wordnet-1595			1595	district	NOUN
core-wordnet-1596			1596	disturbance	NOUN
core-wordnet-1597			1597	dividend	NOUN
core-wordnet-1598			1598	division	NOUN
core-wordnet-1599			1599	division	NOUN
core-wordnet-1600			1600	division	NOUN
core-wordnet-1601			1601	divorce	NOUN
core-wordnet-1602			1602	doctor	NOUN
core-wordnet-1603			1603	doctor	NOUN
core-wordnet-1604			1604	document	NOUN
core-wordnet-1605			1605	dog	NOUN
core-wordnet-1606			1606	hotdog	NOUN
core-wordnet-1607			1607	doll	NOUN
core-wordnet-1608			1608	dollar	NOUN
core-wordnet-1609			1609	dolphin	NOUN
core-wordnet-1610			1610	dome	NOUN
core-wordnet-1611			1611	domination	NOUN
core-wordnet-1612			1612	donor	NOUN
core-wordnet-1613			1613	door	NOUN
core-wordnet-1614			1614	dose	NOUN
core-wordnet-1615			1615	double	NOUN
core-wordnet-1616			1616	double	NOUN
core-wordnet-1617			1617	doubt	NOUN
core-wordnet-1618			1618	doubt	NOUN
core-wordnet-1619			1619	dough	NOUN
core-wordnet-1620			1620	dozen	NOUN
core-wordnet-1621			1621	draft	NOUN
core-wordnet-1622			1622	draft	NOUN
core-wordnet-1623			1623	draft	NOUN
core-wordnet-1624			1624	dragon	NOUN
core-wordnet-1625			1625	drain	NOUN
core-wordnet-1626			1626	drama	NOUN
core-wordnet-1627			1627	drawer	NOUN
core-wordnet-1628			1628	drawing	NOUN
core-wordnet-1629			1629	drawing	NOUN
core-wordnet-1630			1630	dream	NOUN
core-wordnet-1631			1631	dream	NOUN
core-wordnet-1632			1632	dressing	NOUN
core-wordnet-1633			1633	drift	NOUN
core-wordnet-1634			1634	drift	NOUN
core-wordnet-1635			1635	drill	NOUN
core-wordnet-1636			1636	drill	NOUN
core-wordnet-1637			1637	drunkenness	NOUN
core-wordnet-1638			1638	drink	NOUN
core-wordnet-1639			1639	drive	NOUN
core-wordnet-1640			1640	drive	NOUN
core-wordnet-1641			1641	drive	NOUN
core-wordnet-1642			1642	driver	NOUN
core-wordnet-1643			1643	drop	NOUN
core-wordnet-1644			1644	drop	NOUN
core-wordnet-1645			1645	drug	NOUN
core-wordnet-1646			1646	drum	NOUN
core-wordnet-1647			1647	drum	NOUN
core-wordnet-1648			1648	duck	NOUN
core-wordnet-1649			1649	duke	NOUN
core-wordnet-1650			1650	duration	NOUN
core-wordnet-1651			1651	dust	NOUN
core-wordnet-1652			1652	duty	NOUN
core-wordnet-1653			1653	duty	NOUN
core-wordnet-1654			1654	eagle	NOUN
core-wordnet-1655			1655	eagle	NOUN
core-wordnet-1656			1656	ear	NOUN
core-wordnet-1657			1657	earthquake	NOUN
core-wordnet-1658			1658	east	NOUN
core-wordnet-1659			1659	east	NOUN
core-wordnet-1660			1660	echo	NOUN
core-wordnet-1661			1661	economics	NOUN
core-wordnet-1662			1662	economist	NOUN
core-wordnet-1663			1663	economy	NOUN
core-wordnet-1664			1664	economy	NOUN
core-wordnet-1665			1665	edge	NOUN
core-wordnet-1666			1666	edge	NOUN
core-wordnet-1667			1667	edition	NOUN
core-wordnet-1668			1668	education	NOUN
core-wordnet-1669			1669	education	NOUN
core-wordnet-1670			1670	effect	NOUN
core-wordnet-1671			1671	effect	NOUN
core-wordnet-1672			1672	effort	NOUN
core-wordnet-1673			1673	egg	NOUN
core-wordnet-1674			1674	ego	NOUN
core-wordnet-1675			1675	elbow	NOUN
core-wordnet-1676			1676	election	NOUN
core-wordnet-1677			1677	electorate	NOUN
core-wordnet-1678			1678	electricity	NOUN
core-wordnet-1679			1679	electron	NOUN
core-wordnet-1680			1680	electronics	NOUN
core-wordnet-1681			1681	element	NOUN
core-wordnet-1682			1682	element	NOUN
core-wordnet-1683			1683	elephant	NOUN
core-wordnet-1684			1684	elite	NOUN
core-wordnet-1685			1685	embarrassment	NOUN
core-wordnet-1686			1686	embassy	NOUN
core-wordnet-1687			1687	embryo	NOUN
core-wordnet-1688			1688	emergency	NOUN
core-wordnet-1689			1689	emotion	NOUN
core-wordnet-1690			1690	emphasis	NOUN
core-wordnet-1691			1691	empire	NOUN
core-wordnet-1692			1692	employee	NOUN
core-wordnet-1693			1693	employer	NOUN
core-wordnet-1694			1694	employment	NOUN
core-wordnet-1695			1695	end	NOUN
core-wordnet-1696			1696	end	NOUN
core-wordnet-1697			1697	end	NOUN
core-wordnet-1698			1698	enemy	NOUN
core-wordnet-1699			1699	energy	NOUN
core-wordnet-1700			1700	engagement	NOUN
core-wordnet-1701			1701	engine	NOUN
core-wordnet-1702			1702	engine	NOUN
core-wordnet-1703			1703	engineer	NOUN
core-wordnet-1704			1704	entertainment	NOUN
core-wordnet-1705			1705	enthusiasm	NOUN
core-wordnet-1706			1706	entitlement	NOUN
core-wordnet-1707			1707	entry	NOUN
core-wordnet-1708			1708	entry	NOUN
core-wordnet-1709			1709	envelope	NOUN
core-wordnet-1710			1710	environment	NOUN
core-wordnet-1711			1711	episode	NOUN
core-wordnet-1712			1712	equation	NOUN
core-wordnet-1713			1713	equilibrium	NOUN
core-wordnet-1714			1714	equipment	NOUN
core-wordnet-1715			1715	era	NOUN
core-wordnet-1716			1716	erosion	NOUN
core-wordnet-1717			1717	error	NOUN
core-wordnet-1718			1718	error	NOUN
core-wordnet-1719			1719	essay	NOUN
core-wordnet-1720			1720	perfume	NOUN
core-wordnet-1721			1721	estate	NOUN
core-wordnet-1722			1722	estimate	NOUN
core-wordnet-1723			1723	estimate	NOUN
core-wordnet-1724			1724	estimate	NOUN
core-wordnet-1725			1725	estimate	NOUN
core-wordnet-1726			1726	ethics	NOUN
core-wordnet-1727			1727	Europe	NOUN
core-wordnet-1728			1728	evening	NOUN
core-wordnet-1729			1729	evolution	NOUN
core-wordnet-1730			1730	examination	NOUN
core-wordnet-1731			1731	example	NOUN
core-wordnet-1732			1732	example	NOUN
core-wordnet-1733			1733	excavation	NOUN
core-wordnet-1734			1734	exception	NOUN
core-wordnet-1735			1735	excess	NOUN
core-wordnet-1736			1736	exchange	NOUN
core-wordnet-1737			1737	exchange	NOUN
core-wordnet-1738			1738	excitement	NOUN
core-wordnet-1739			1739	excitement	NOUN
core-wordnet-1740			1740	excuse	NOUN
core-wordnet-1741			1741	execution	NOUN
core-wordnet-1742			1742	executive	NOUN
core-wordnet-1743			1743	executive	NOUN
core-wordnet-1744			1744	exemption	NOUN
core-wordnet-1745			1745	exercise	NOUN
core-wordnet-1746			1746	exhibition	NOUN
core-wordnet-1747			1747	exile	NOUN
core-wordnet-1748			1748	exit	NOUN
core-wordnet-1749			1749	expansion	NOUN
core-wordnet-1750			1750	expectation	NOUN
core-wordnet-1751			1751	expedition	NOUN
core-wordnet-1752			1752	expenditure	NOUN
core-wordnet-1753			1753	experience	NOUN
core-wordnet-1754			1754	experiment	NOUN
core-wordnet-1755			1755	expert	NOUN
core-wordnet-1756			1756	expertise	NOUN
core-wordnet-1757			1757	explanation	NOUN
core-wordnet-1758			1758	exploration	NOUN
core-wordnet-1759			1759	explosion	NOUN
core-wordnet-1760			1760	exposure	NOUN
core-wordnet-1761			1761	expression	NOUN
core-wordnet-1762			1762	extension	NOUN
core-wordnet-1763			1763	extension	NOUN
core-wordnet-1764			1764	extension	NOUN
core-wordnet-1765			1765	extent	NOUN
core-wordnet-1766			1766	extraterrestrial	NOUN
core-wordnet-1767			1767	extreme	NOUN
core-wordnet-1768			1768	eye	NOUN
core-wordnet-1769			1769	eyebrow	NOUN
core-wordnet-1770			1770	facade	NOUN
core-wordnet-1771			1771	face	NOUN
core-wordnet-1772			1772	facility	NOUN
core-wordnet-1773			1773	facility	NOUN
core-wordnet-1774			1774	fact	NOUN
core-wordnet-1775			1775	factor	NOUN
core-wordnet-1776			1776	factory	NOUN
core-wordnet-1777			1777	failure	NOUN
core-wordnet-1778			1778	failure	NOUN
core-wordnet-1779			1779	failure	NOUN
core-wordnet-1780			1780	fair	NOUN
core-wordnet-1781			1781	fair	NOUN
core-wordnet-1782			1782	fairy	NOUN
core-wordnet-1783			1783	faith	NOUN
core-wordnet-1784			1784	fall	NOUN
core-wordnet-1785			1785	descent	NOUN
core-wordnet-1786			1786	fall	NOUN
core-wordnet-1787			1787	twilight	NOUN
core-wordnet-1788			1788	fame	NOUN
core-wordnet-1789			1789	family	NOUN
core-wordnet-1790			1790	fan	NOUN
core-wordnet-1791			1791	fantasy	NOUN
core-wordnet-1792			1792	fare	NOUN
core-wordnet-1793			1793	farm	NOUN
core-wordnet-1794			1794	farmer	NOUN
core-wordnet-1795			1795	fashion	NOUN
core-wordnet-1796			1796	fat	NOUN
core-wordnet-1797			1797	fat	NOUN
core-wordnet-1798			1798	father	NOUN
core-wordnet-1799			1799	fault	NOUN
core-wordnet-1800			1800	fault	NOUN
core-wordnet-1801			1801	favor	NOUN
core-wordnet-1802			1802	favour	NOUN
core-wordnet-1803			1803	favourite	NOUN
core-wordnet-1804			1804	fax	NOUN
core-wordnet-1805			1805	fear	NOUN
core-wordnet-1806			1806	feast	NOUN
core-wordnet-1807			1807	feather	NOUN
core-wordnet-1808			1808	feature	NOUN
core-wordnet-1809			1809	feature	NOUN
core-wordnet-1810			1810	federation	NOUN
core-wordnet-1811			1811	fee	NOUN
core-wordnet-1812			1812	feedback	NOUN
core-wordnet-1813			1813	feeling	NOUN
core-wordnet-1814			1814	feeling	NOUN
core-wordnet-1815			1815	feminist	NOUN
core-wordnet-1816			1816	fence	NOUN
core-wordnet-1817			1817	ferry	NOUN
core-wordnet-1818			1818	festival	NOUN
core-wordnet-1819			1819	fever	NOUN
core-wordnet-1820			1820	few	NOUN
core-wordnet-1821			1821	fibre	NOUN
core-wordnet-1822			1822	fiction	NOUN
core-wordnet-1823			1823	field	NOUN
core-wordnet-1824			1824	field	NOUN
core-wordnet-1825			1825	fig	NOUN
core-wordnet-1826			1826	fight	NOUN
core-wordnet-1827			1827	figure	NOUN
core-wordnet-1828			1828	figure	NOUN
core-wordnet-1829			1829	file	NOUN
core-wordnet-1830			1830	file	NOUN
core-wordnet-1831			1831	file	NOUN
core-wordnet-1832			1832	file	NOUN
core-wordnet-1833			1833	film	NOUN
core-wordnet-1834			1834	film	NOUN
core-wordnet-1835			1835	film	NOUN
core-wordnet-1836			1836	filter	NOUN
core-wordnet-1837			1837	final	NOUN
core-wordnet-1838			1838	finance	NOUN
core-wordnet-1839			1839	finger	NOUN
core-wordnet-1840			1840	fireplace	NOUN
core-wordnet-1841			1841	fire	NOUN
core-wordnet-1842			1842	fire	NOUN
core-wordnet-1843			1843	fire	NOUN
core-wordnet-1844			1844	firefighter	NOUN
core-wordnet-1845			1845	firm	NOUN
core-wordnet-1846			1846	fish	NOUN
core-wordnet-1847			1847	fish	NOUN
core-wordnet-1848			1848	fisherman	NOUN
core-wordnet-1849			1849	fist	NOUN
core-wordnet-1850			1850	convulsion	NOUN
core-wordnet-1851			1851	fitness	NOUN
core-wordnet-1852			1852	fixture	NOUN
core-wordnet-1853			1853	flag	NOUN
core-wordnet-1854			1854	flash	NOUN
core-wordnet-1855			1855	flash	NOUN
core-wordnet-1856			1856	flash	NOUN
core-wordnet-1857			1857	flat	NOUN
core-wordnet-1858			1858	flat	NOUN
core-wordnet-1859			1859	flavor	NOUN
core-wordnet-1860			1860	fleet	NOUN
core-wordnet-1861			1861	flesh	NOUN
core-wordnet-1862			1862	flesh	NOUN
core-wordnet-1863			1863	flight	NOUN
core-wordnet-1864			1864	flight	NOUN
core-wordnet-1865			1865	flight	NOUN
core-wordnet-1866			1866	flock	NOUN
core-wordnet-1867			1867	flood	NOUN
core-wordnet-1868			1868	floor	NOUN
core-wordnet-1869			1869	flour	NOUN
core-wordnet-1870			1870	flower	NOUN
core-wordnet-1871			1871	flu	NOUN
core-wordnet-1872			1872	fluctuation	NOUN
core-wordnet-1873			1873	fluid	NOUN
core-wordnet-1874			1874	fly	NOUN
core-wordnet-1875			1875	fog	NOUN
core-wordnet-1876			1876	fog	NOUN
core-wordnet-1877			1877	fold	NOUN
core-wordnet-1878			1878	folk	NOUN
core-wordnet-1879			1879	folk	NOUN
core-wordnet-1880			1880	folklore	NOUN
core-wordnet-1881			1881	food	NOUN
core-wordnet-1882			1882	fool	NOUN
core-wordnet-1883			1883	fool	NOUN
core-wordnet-1884			1884	foot	NOUN
core-wordnet-1885			1885	foot	NOUN
core-wordnet-1886			1886	football	NOUN
core-wordnet-1887			1887	force	NOUN
core-wordnet-1888			1888	force	NOUN
core-wordnet-1889			1889	force	NOUN
core-wordnet-1890			1890	forecast	NOUN
core-wordnet-1891			1891	forehead	NOUN
core-wordnet-1892			1892	foreigner	NOUN
core-wordnet-1893			1893	forest	NOUN
core-wordnet-1894			1894	forestry	NOUN
core-wordnet-1895			1895	fork	NOUN
core-wordnet-1896			1896	form	NOUN
core-wordnet-1897			1897	form	NOUN
core-wordnet-1898			1898	form	NOUN
core-wordnet-1899			1899	format	NOUN
core-wordnet-1900			1900	formation	NOUN
core-wordnet-1901			1901	formula	NOUN
core-wordnet-1902			1902	fortune	NOUN
core-wordnet-1903			1903	fortune	NOUN
core-wordnet-1904			1904	fate	NOUN
core-wordnet-1905			1905	forum	NOUN
core-wordnet-1906			1906	fossil	NOUN
core-wordnet-1907			1907	foundation	NOUN
core-wordnet-1908			1908	foundation	NOUN
core-wordnet-1909			1909	fountain	NOUN
core-wordnet-1910			1910	fox	NOUN
core-wordnet-1911			1911	fraction	NOUN
core-wordnet-1912			1912	fragment	NOUN
core-wordnet-1913			1913	skeleton	NOUN
core-wordnet-1914			1914	franchise	NOUN
core-wordnet-1915			1915	fraud	NOUN
core-wordnet-1916			1916	imposter	NOUN
core-wordnet-1917			1917	freckle	NOUN
core-wordnet-1918			1918	freedom	NOUN
core-wordnet-1919			1919	freight	NOUN
core-wordnet-1920			1920	frequency	NOUN
core-wordnet-1921			1921	freshman	NOUN
core-wordnet-1922			1922	refrigerator	NOUN
core-wordnet-1923			1923	friend	NOUN
core-wordnet-1924			1924	friendship	NOUN
core-wordnet-1925			1925	frog	NOUN
core-wordnet-1926			1926	front	NOUN
core-wordnet-1927			1927	front	NOUN
core-wordnet-1928			1928	front	NOUN
core-wordnet-1929			1929	fruit	NOUN
core-wordnet-1930			1930	frustration	NOUN
core-wordnet-1931			1931	fuel	NOUN
core-wordnet-1932			1932	fun	NOUN
core-wordnet-1933			1933	function	NOUN
core-wordnet-1934			1934	function	NOUN
core-wordnet-1935			1935	fund	NOUN
core-wordnet-1936			1936	funeral	NOUN
core-wordnet-1937			1937	fur	NOUN
core-wordnet-1938			1938	furniture	NOUN
core-wordnet-1939			1939	fuss	NOUN
core-wordnet-1940			1940	future	NOUN
core-wordnet-1941			1941	galaxy	NOUN
core-wordnet-1942			1942	gallery	NOUN
core-wordnet-1943			1943	gallon	NOUN
core-wordnet-1944			1944	game	NOUN
core-wordnet-1945			1945	game	NOUN
core-wordnet-1946			1946	gap	NOUN
core-wordnet-1947			1947	garage	NOUN
core-wordnet-1948			1948	garage	NOUN
core-wordnet-1949			1949	garbage	NOUN
core-wordnet-1950			1950	garden	NOUN
core-wordnet-1951			1951	garlic	NOUN
core-wordnet-1952			1952	gas	NOUN
core-wordnet-1953			1953	gas	NOUN
core-wordnet-1954			1954	gas	NOUN
core-wordnet-1955			1955	gate	NOUN
core-wordnet-1956			1956	gear	NOUN
core-wordnet-1957			1957	gene	NOUN
core-wordnet-1958			1958	general	NOUN
core-wordnet-1959			1959	generation	NOUN
core-wordnet-1960			1960	brilliance	NOUN
core-wordnet-1961			1961	gentleman	NOUN
core-wordnet-1962			1962	geography	NOUN
core-wordnet-1963			1963	gesture	NOUN
core-wordnet-1964			1964	ghost	NOUN
core-wordnet-1965			1965	ghostwriter	NOUN
core-wordnet-1966			1966	giant	NOUN
core-wordnet-1967			1967	gift	NOUN
core-wordnet-1968			1968	girlfriend	NOUN
core-wordnet-1969			1969	girl	NOUN
core-wordnet-1970			1970	glacier	NOUN
core-wordnet-1971			1971	glance	NOUN
core-wordnet-1972			1972	glass	NOUN
core-wordnet-1973			1973	glass	NOUN
core-wordnet-1974			1974	glass	NOUN
core-wordnet-1975			1975	glasses	NOUN
core-wordnet-1976			1976	glimpse	NOUN
core-wordnet-1977			1977	gloom	NOUN
core-wordnet-1978			1978	glory	NOUN
core-wordnet-1979			1979	glove	NOUN
core-wordnet-1980			1980	glow	NOUN
core-wordnet-1981			1981	glue	NOUN
core-wordnet-1982			1982	goal	NOUN
core-wordnet-1983			1983	goal	NOUN
core-wordnet-1984			1984	goal	NOUN
core-wordnet-1985			1985	goalkeeper	NOUN
core-wordnet-1986			1986	goat	NOUN
core-wordnet-1987			1987	god	NOUN
core-wordnet-1988			1988	gold	NOUN
core-wordnet-1989			1989	golf	NOUN
core-wordnet-1990			1990	good	NOUN
core-wordnet-1991			1991	good	NOUN
core-wordnet-1992			1992	government	NOUN
core-wordnet-1993			1993	governor	NOUN
core-wordnet-1994			1994	gown	NOUN
core-wordnet-1995			1995	grace	NOUN
core-wordnet-1996			1996	grace	NOUN
core-wordnet-1997			1997	gradient	NOUN
core-wordnet-1998			1998	graduate	NOUN
core-wordnet-1999			1999	grain	NOUN
core-wordnet-2000			2000	grain	NOUN
core-wordnet-2001			2001	grammar	NOUN
core-wordnet-2002			2002	grandfather	NOUN
core-wordnet-2003			2003	grandmother	NOUN
core-wordnet-2004			2004	grant	NOUN
core-wordnet-2005			2005	graph	NOUN
core-wordnet-2006			2006	graphics	NOUN
core-wordnet-2007			2007	grass	NOUN
core-wordnet-2008			2008	grass	NOUN
core-wordnet-2009			2009	grave	NOUN
core-wordnet-2010			2010	gravel	NOUN
core-wordnet-2011			2011	gravity	NOUN
core-wordnet-2012			2012	gravity	NOUN
core-wordnet-2013			2013	green	NOUN
core-wordnet-2014			2014	green	NOUN
core-wordnet-2015			2015	greeting	NOUN
core-wordnet-2016			2016	grief	NOUN
core-wordnet-2017			2017	grimace	NOUN
core-wordnet-2018			2018	grip	NOUN
core-wordnet-2019			2019	traction	NOUN
core-wordnet-2020			2020	ground	NOUN
core-wordnet-2021			2021	grounds	NOUN
core-wordnet-2022			2022	growth	NOUN
core-wordnet-2023			2023	growth	NOUN
core-wordnet-2024			2024	growth	NOUN
core-wordnet-2025			2025	guarantee	NOUN
core-wordnet-2026			2026	guard	NOUN
core-wordnet-2027			2027	guard	NOUN
core-wordnet-2028			2028	guerrilla	NOUN
core-wordnet-2029			2029	guest	NOUN
core-wordnet-2030			2030	guide	NOUN
core-wordnet-2031			2031	guide	NOUN
core-wordnet-2032			2032	guideline	NOUN
core-wordnet-2033			2033	guilt	NOUN
core-wordnet-2034			2034	guitar	NOUN
core-wordnet-2035			2035	gun	NOUN
core-wordnet-2036			2036	gutter	NOUN
core-wordnet-2037			2037	habit	NOUN
core-wordnet-2038			2038	habitat	NOUN
core-wordnet-2039			2039	hair	NOUN
core-wordnet-2040			2040	hair	NOUN
core-wordnet-2041			2041	haircut	NOUN
core-wordnet-2042			2042	half	NOUN
core-wordnet-2043			2043	hall	NOUN
core-wordnet-2044			2044	hall	NOUN
core-wordnet-2045			2045	hall	NOUN
core-wordnet-2046			2046	dorm	NOUN
core-wordnet-2047			2047	hallway	NOUN
core-wordnet-2048			2048	halt	NOUN
core-wordnet-2049			2049	ham	NOUN
core-wordnet-2050			2050	hammer	NOUN
core-wordnet-2051			2051	hand	NOUN
core-wordnet-2052			2052	hand	NOUN
core-wordnet-2053			2053	hand	NOUN
core-wordnet-2054			2054	hand	NOUN
core-wordnet-2055			2055	hand	NOUN
core-wordnet-2056			2056	harbor	NOUN
core-wordnet-2057			2057	hardship	NOUN
core-wordnet-2058			2058	hardware	NOUN
core-wordnet-2059			2059	harmony	NOUN
core-wordnet-2060			2060	harmony	NOUN
core-wordnet-2061			2061	harvest	NOUN
core-wordnet-2062			2062	hat	NOUN
core-wordnet-2063			2063	hay	NOUN
core-wordnet-2064			2064	head	NOUN
core-wordnet-2065			2065	head	NOUN
core-wordnet-2066			2066	head	NOUN
core-wordnet-2067			2067	headline	NOUN
core-wordnet-2068			2068	headquarters	NOUN
core-wordnet-2069			2069	health	NOUN
core-wordnet-2070			2070	health	NOUN
core-wordnet-2071			2071	heart	NOUN
core-wordnet-2072			2072	heart	NOUN
core-wordnet-2073			2073	heart	NOUN
core-wordnet-2074			2074	heart	NOUN
core-wordnet-2075			2075	heat	NOUN
core-wordnet-2076			2076	heat	NOUN
core-wordnet-2077			2077	heaven	NOUN
core-wordnet-2078			2078	hedge	NOUN
core-wordnet-2079			2079	heel	NOUN
core-wordnet-2080			2080	height	NOUN
core-wordnet-2081			2081	heir	NOUN
core-wordnet-2082			2082	helicopter	NOUN
core-wordnet-2083			2083	hell	NOUN
core-wordnet-2084			2084	helmet	NOUN
core-wordnet-2085			2085	help	NOUN
core-wordnet-2086			2086	help	NOUN
core-wordnet-2087			2087	hemisphere	NOUN
core-wordnet-2088			2088	hemisphere	NOUN
core-wordnet-2089			2089	hen	NOUN
core-wordnet-2090			2090	herb	NOUN
core-wordnet-2091			2091	herd	NOUN
core-wordnet-2092			2092	sandwich	NOUN
core-wordnet-2093			2093	hero	NOUN
core-wordnet-2094			2094	heroin	NOUN
core-wordnet-2095			2095	hierarchy	NOUN
core-wordnet-2096			2096	highlight	NOUN
core-wordnet-2097			2097	hill	NOUN
core-wordnet-2098			2098	hip	NOUN
core-wordnet-2099			2099	historian	NOUN
core-wordnet-2100			2100	history	NOUN
core-wordnet-2101			2101	history	NOUN
core-wordnet-2102			2102	history	NOUN
core-wordnet-2103			2103	custody	NOUN
core-wordnet-2104			2104	hole	NOUN
core-wordnet-2105			2105	mess	NOUN
core-wordnet-2106			2106	holiday	NOUN
core-wordnet-2107			2107	holiday	NOUN
core-wordnet-2108			2108	home	NOUN
core-wordnet-2109			2109	home	NOUN
core-wordnet-2110			2110	honey	NOUN
core-wordnet-2111			2111	honor	NOUN
core-wordnet-2112			2112	honor	NOUN
core-wordnet-2113			2113	hook	NOUN
core-wordnet-2114			2114	bait	NOUN
core-wordnet-2115			2115	hope	NOUN
core-wordnet-2116			2116	horizon	NOUN
core-wordnet-2117			2117	horn	NOUN
core-wordnet-2118			2118	horn	NOUN
core-wordnet-2119			2119	horoscope	NOUN
core-wordnet-2120			2120	horror	NOUN
core-wordnet-2121			2121	horse	NOUN
core-wordnet-2122			2122	horse	NOUN
core-wordnet-2123			2123	hospital	NOUN
core-wordnet-2124			2124	hospitality	NOUN
core-wordnet-2125			2125	host	NOUN
core-wordnet-2126			2126	host	NOUN
core-wordnet-2127			2127	hostage	NOUN
core-wordnet-2128			2128	hostility	NOUN
core-wordnet-2129			2129	hostility	NOUN
core-wordnet-2130			2130	hotel	NOUN
core-wordnet-2131			2131	hour	NOUN
core-wordnet-2132			2132	hour	NOUN
core-wordnet-2133			2133	house	NOUN
core-wordnet-2134			2134	house	NOUN
core-wordnet-2135			2135	family	NOUN
core-wordnet-2136			2136	houseplant	NOUN
core-wordnet-2137			2137	housewife	NOUN
core-wordnet-2138			2138	housing	NOUN
core-wordnet-2139			2139	human	NOUN
core-wordnet-2140			2140	humanity	NOUN
core-wordnet-2141			2141	humor	NOUN
core-wordnet-2142			2142	hunter	NOUN
core-wordnet-2143			2143	hunting	NOUN
core-wordnet-2144			2144	husband	NOUN
core-wordnet-2145			2145	hut	NOUN
core-wordnet-2146			2146	hypothesis	NOUN
core-wordnet-2147			2147	ice	NOUN
core-wordnet-2148			2148	ice	NOUN
core-wordnet-2149			2149	idea	NOUN
core-wordnet-2150			2150	ideal	NOUN
core-wordnet-2151			2151	identification	NOUN
core-wordnet-2152			2152	identity	NOUN
core-wordnet-2153			2153	identity	NOUN
core-wordnet-2154			2154	ideology	NOUN
core-wordnet-2155			2155	ignorance	NOUN
core-wordnet-2156			2156	illness	NOUN
core-wordnet-2157			2157	illusion	NOUN
core-wordnet-2158			2158	illustration	NOUN
core-wordnet-2159			2159	image	NOUN
core-wordnet-2160			2160	image	NOUN
core-wordnet-2161			2161	imagination	NOUN
core-wordnet-2162			2162	immigrant	NOUN
core-wordnet-2163			2163	immigration	NOUN
core-wordnet-2164			2164	impact	NOUN
core-wordnet-2165			2165	impact	NOUN
core-wordnet-2166			2166	implication	NOUN
core-wordnet-2167			2167	import	NOUN
core-wordnet-2168			2168	importance	NOUN
core-wordnet-2169			2169	improvement	NOUN
core-wordnet-2170			2170	momentum	NOUN
core-wordnet-2171			2171	impulse	NOUN
core-wordnet-2172			2172	incentive	NOUN
core-wordnet-2173			2173	inch	NOUN
core-wordnet-2174			2174	incident	NOUN
core-wordnet-2175			2175	income	NOUN
core-wordnet-2176			2176	increase	NOUN
core-wordnet-2177			2177	index	NOUN
core-wordnet-2178			2178	index	NOUN
core-wordnet-2179			2179	indication	NOUN
core-wordnet-2180			2180	individual	NOUN
core-wordnet-2181			2181	industry	NOUN
core-wordnet-2182			2182	industry	NOUN
core-wordnet-2183			2183	infection	NOUN
core-wordnet-2184			2184	inflation	NOUN
core-wordnet-2185			2185	influence	NOUN
core-wordnet-2186			2186	influence	NOUN
core-wordnet-2187			2187	information	NOUN
core-wordnet-2188			2188	infrastructure	NOUN
core-wordnet-2189			2189	ingredient	NOUN
core-wordnet-2190			2190	inhabitant	NOUN
core-wordnet-2191			2191	inhibition	NOUN
core-wordnet-2192			2192	initial	NOUN
core-wordnet-2193			2193	initiative	NOUN
core-wordnet-2194			2194	injection	NOUN
core-wordnet-2195			2195	injury	NOUN
core-wordnet-2196			2196	inn	NOUN
core-wordnet-2197			2197	innovation	NOUN
core-wordnet-2198			2198	inquiry	NOUN
core-wordnet-2199			2199	insect	NOUN
core-wordnet-2200			2200	inside	NOUN
core-wordnet-2201			2201	insider	NOUN
core-wordnet-2202			2202	brainstorm	NOUN
core-wordnet-2203			2203	insight	NOUN
core-wordnet-2204			2204	insistence	NOUN
core-wordnet-2205			2205	inspector	NOUN
core-wordnet-2206			2206	inspiration	NOUN
core-wordnet-2207			2207	instinct	NOUN
core-wordnet-2208			2208	institution	NOUN
core-wordnet-2209			2209	institution	NOUN
core-wordnet-2210			2210	instruction	NOUN
core-wordnet-2211			2211	instrument	NOUN
core-wordnet-2212			2212	instrument	NOUN
core-wordnet-2213			2213	insurance	NOUN
core-wordnet-2214			2214	integration	NOUN
core-wordnet-2215			2215	integrity	NOUN
core-wordnet-2216			2216	intelligence	NOUN
core-wordnet-2217			2217	intelligence	NOUN
core-wordnet-2218			2218	intention	NOUN
core-wordnet-2219			2219	interaction	NOUN
core-wordnet-2220			2220	interest	NOUN
core-wordnet-2221			2221	interest	NOUN
core-wordnet-2222			2222	interface	NOUN
core-wordnet-2223			2223	interference	NOUN
core-wordnet-2224			2224	intervention	NOUN
core-wordnet-2225			2225	interview	NOUN
core-wordnet-2226			2226	introduction	NOUN
core-wordnet-2227			2227	introduction	NOUN
core-wordnet-2228			2228	introduction	NOUN
core-wordnet-2229			2229	invasion	NOUN
core-wordnet-2230			2230	investigation	NOUN
core-wordnet-2231			2231	investigator	NOUN
core-wordnet-2232			2232	investment	NOUN
core-wordnet-2233			2233	invitation	NOUN
core-wordnet-2234			2234	iron	NOUN
core-wordnet-2235			2235	irony	NOUN
core-wordnet-2236			2236	island	NOUN
core-wordnet-2237			2237	isolation	NOUN
core-wordnet-2238			2238	issue	NOUN
core-wordnet-2239			2239	offspring	NOUN
core-wordnet-2240			2240	item	NOUN
core-wordnet-2241			2241	ivory	NOUN
core-wordnet-2242			2242	jacket	NOUN
core-wordnet-2243			2243	jam	NOUN
core-wordnet-2244			2244	jar	NOUN
core-wordnet-2245			2245	jaw	NOUN
core-wordnet-2246			2246	jazz	NOUN
core-wordnet-2247			2247	jelly	NOUN
core-wordnet-2248			2248	jet	NOUN
core-wordnet-2249			2249	jewel	NOUN
core-wordnet-2250			2250	job	NOUN
core-wordnet-2251			2251	job	NOUN
core-wordnet-2252			2252	jockey	NOUN
core-wordnet-2253			2253	joint	NOUN
core-wordnet-2254			2254	joint	NOUN
core-wordnet-2255			2255	joke	NOUN
core-wordnet-2256			2256	journal	NOUN
core-wordnet-2257			2257	journal	NOUN
core-wordnet-2258			2258	joy	NOUN
core-wordnet-2259			2259	judge	NOUN
core-wordnet-2260			2260	judgment	NOUN
core-wordnet-2261			2261	judgment	NOUN
core-wordnet-2262			2262	juice	NOUN
core-wordnet-2263			2263	jump	NOUN
core-wordnet-2264			2264	junction	NOUN
core-wordnet-2265			2265	jungle	NOUN
core-wordnet-2266			2266	jurisdiction	NOUN
core-wordnet-2267			2267	jury	NOUN
core-wordnet-2268			2268	justice	NOUN
core-wordnet-2269			2269	justification	NOUN
core-wordnet-2270			2270	kettle	NOUN
core-wordnet-2271			2271	key	NOUN
core-wordnet-2272			2272	key	NOUN
core-wordnet-2273			2273	key	NOUN
core-wordnet-2274			2274	kick	NOUN
core-wordnet-2275			2275	kid	NOUN
core-wordnet-2276			2276	kidney	NOUN
core-wordnet-2277			2277	killer	NOUN
core-wordnet-2278			2278	king	NOUN
core-wordnet-2279			2279	king	NOUN
core-wordnet-2280			2280	king	NOUN
core-wordnet-2281			2281	kingdom	NOUN
core-wordnet-2282			2282	kinship	NOUN
core-wordnet-2283			2283	kit	NOUN
core-wordnet-2284			2284	kitchen	NOUN
core-wordnet-2285			2285	kite	NOUN
core-wordnet-2286			2286	knee	NOUN
core-wordnet-2287			2287	knife	NOUN
core-wordnet-2288			2288	knot	NOUN
core-wordnet-2289			2289	knowledge	NOUN
core-wordnet-2290			2290	Koran	NOUN
core-wordnet-2291			2291	label	NOUN
core-wordnet-2292			2292	laboratory	NOUN
core-wordnet-2293			2293	labour	NOUN
core-wordnet-2294			2294	labour	NOUN
core-wordnet-2295			2295	laborer	NOUN
core-wordnet-2296			2296	lace	NOUN
core-wordnet-2297			2297	lack	NOUN
core-wordnet-2298			2298	ladder	NOUN
core-wordnet-2299			2299	lady	NOUN
core-wordnet-2300			2300	lake	NOUN
core-wordnet-2301			2301	lamb	NOUN
core-wordnet-2302			2302	lamp	NOUN
core-wordnet-2303			2303	land	NOUN
core-wordnet-2304			2304	land	NOUN
core-wordnet-2305			2305	landlord	NOUN
core-wordnet-2306			2306	landowner	NOUN
core-wordnet-2307			2307	landscape	NOUN
core-wordnet-2308			2308	lane	NOUN
core-wordnet-2309			2309	language	NOUN
core-wordnet-2310			2310	language	NOUN
core-wordnet-2311			2311	lap	NOUN
core-wordnet-2312			2312	laser	NOUN
core-wordnet-2313			2313	laundry	NOUN
core-wordnet-2314			2314	law	NOUN
core-wordnet-2315			2315	law	NOUN
core-wordnet-2316			2316	law	NOUN
core-wordnet-2317			2317	lawn	NOUN
core-wordnet-2318			2318	lawyer	NOUN
core-wordnet-2319			2319	layer	NOUN
core-wordnet-2320			2320	layout	NOUN
core-wordnet-2321			2321	lead	NOUN
core-wordnet-2322			2322	leash	NOUN
core-wordnet-2323			2323	lead	NOUN
core-wordnet-2324			2324	lead	NOUN
core-wordnet-2325			2325	leader	NOUN
core-wordnet-2326			2326	leadership	NOUN
core-wordnet-2327			2327	leaf	NOUN
core-wordnet-2328			2328	leaflet	NOUN
core-wordnet-2329			2329	lease	NOUN
core-wordnet-2330			2330	leather	NOUN
core-wordnet-2331			2331	farewell	NOUN
core-wordnet-2332			2332	leave	NOUN
core-wordnet-2333			2333	lecture	NOUN
core-wordnet-2334			2334	left	NOUN
core-wordnet-2335			2335	leftovers	NOUN
core-wordnet-2336			2336	leg	NOUN
core-wordnet-2337			2337	leg	NOUN
core-wordnet-2338			2338	legend	NOUN
core-wordnet-2339			2339	legend	NOUN
core-wordnet-2340			2340	legislation	NOUN
core-wordnet-2341			2341	legislature	NOUN
core-wordnet-2342			2342	leisure	NOUN
core-wordnet-2343			2343	lemon	NOUN
core-wordnet-2344			2344	lemon	NOUN
core-wordnet-2345			2345	length	NOUN
core-wordnet-2346			2346	length	NOUN
core-wordnet-2347			2347	lesson	NOUN
core-wordnet-2348			2348	letter	NOUN
core-wordnet-2349			2349	letter	NOUN
core-wordnet-2350			2350	level	NOUN
core-wordnet-2351			2351	level	NOUN
core-wordnet-2352			2352	level	NOUN
core-wordnet-2353			2353	liability	NOUN
core-wordnet-2354			2354	liberty	NOUN
core-wordnet-2355			2355	library	NOUN
core-wordnet-2356			2356	licence	NOUN
core-wordnet-2357			2357	lid	NOUN
core-wordnet-2358			2358	lid	NOUN
core-wordnet-2359			2359	lie	NOUN
core-wordnet-2360			2360	life	NOUN
core-wordnet-2361			2361	lifestyle	NOUN
core-wordnet-2362			2362	lift	NOUN
core-wordnet-2363			2363	lift	NOUN
core-wordnet-2364			2364	lift	NOUN
core-wordnet-2365			2365	light	NOUN
core-wordnet-2366			2366	lighter	NOUN
core-wordnet-2367			2367	light	NOUN
core-wordnet-2368			2368	lily	NOUN
core-wordnet-2369			2369	limb	NOUN
core-wordnet-2370			2370	limit	NOUN
core-wordnet-2371			2371	limit	NOUN
core-wordnet-2372			2372	limitation	NOUN
core-wordnet-2373			2373	line	NOUN
core-wordnet-2374			2374	line	NOUN
core-wordnet-2375			2375	line	NOUN
core-wordnet-2376			2376	line	NOUN
core-wordnet-2377			2377	line	NOUN
core-wordnet-2378			2378	line	NOUN
core-wordnet-2379			2379	line	NOUN
core-wordnet-2380			2380	line	NOUN
core-wordnet-2381			2381	linen	NOUN
core-wordnet-2382			2382	link	NOUN
core-wordnet-2383			2383	lion	NOUN
core-wordnet-2384			2384	lip	NOUN
core-wordnet-2385			2385	lip	NOUN
core-wordnet-2386			2386	liquid	NOUN
core-wordnet-2387			2387	list	NOUN
core-wordnet-2388			2388	list	NOUN
core-wordnet-2389			2389	literacy	NOUN
core-wordnet-2390			2390	literature	NOUN
core-wordnet-2391			2391	litigation	NOUN
core-wordnet-2392			2392	liver	NOUN
core-wordnet-2393			2393	load	NOUN
core-wordnet-2394			2394	loan	NOUN
core-wordnet-2395			2395	lobby	NOUN
core-wordnet-2396			2396	lobby	NOUN
core-wordnet-2397			2397	location	NOUN
core-wordnet-2398			2398	lock	NOUN
core-wordnet-2399			2399	lock	NOUN
core-wordnet-2400			2400	log	NOUN
core-wordnet-2401			2401	log	NOUN
core-wordnet-2402			2402	logic	NOUN
core-wordnet-2403			2403	look	NOUN
core-wordnet-2404			2404	look	NOUN
core-wordnet-2405			2405	loop	NOUN
core-wordnet-2406			2406	loop	NOUN
core-wordnet-2407			2407	loss	NOUN
core-wordnet-2408			2408	loss	NOUN
core-wordnet-2409			2409	lot	NOUN
core-wordnet-2410			2410	lot	NOUN
core-wordnet-2411			2411	lounge	NOUN
core-wordnet-2412			2412	sofa	NOUN
core-wordnet-2413			2413	love	NOUN
core-wordnet-2414			2414	love	NOUN
core-wordnet-2415			2415	lover	NOUN
core-wordnet-2416			2416	loyalty	NOUN
core-wordnet-2417			2417	lump	NOUN
core-wordnet-2418			2418	lunch	NOUN
core-wordnet-2419			2419	lung	NOUN
core-wordnet-2420			2420	machine	NOUN
core-wordnet-2421			2421	machinery	NOUN
core-wordnet-2422			2422	magazine	NOUN
core-wordnet-2423			2423	magnitude	NOUN
core-wordnet-2424			2424	maid	NOUN
core-wordnet-2425			2425	mail	NOUN
core-wordnet-2426			2426	mainstream	NOUN
core-wordnet-2427			2427	alimony	NOUN
core-wordnet-2428			2428	majority	NOUN
core-wordnet-2429			2429	majority	NOUN
core-wordnet-2430			2430	makeup	NOUN
core-wordnet-2431			2431	man	NOUN
core-wordnet-2432			2432	man	NOUN
core-wordnet-2433			2433	management	NOUN
core-wordnet-2434			2434	manager	NOUN
core-wordnet-2435			2435	manner	NOUN
core-wordnet-2436			2436	manual	NOUN
core-wordnet-2437			2437	manufacture	NOUN
core-wordnet-2438			2438	manufacturer	NOUN
core-wordnet-2439			2439	manuscript	NOUN
core-wordnet-2440			2440	map	NOUN
core-wordnet-2441			2441	marathon	NOUN
core-wordnet-2442			2442	marble	NOUN
core-wordnet-2443			2443	marble	NOUN
core-wordnet-2444			2444	march	NOUN
core-wordnet-2445			2445	march	NOUN
core-wordnet-2446			2446	march	NOUN
core-wordnet-2447			2447	margin	NOUN
core-wordnet-2448			2448	mark	NOUN
core-wordnet-2449			2449	mark	NOUN
core-wordnet-2450			2450	market	NOUN
core-wordnet-2451			2451	marketing	NOUN
core-wordnet-2452			2452	wedding	NOUN
core-wordnet-2453			2453	marriage	NOUN
core-wordnet-2454			2454	Mars	NOUN
core-wordnet-2455			2455	marsh	NOUN
core-wordnet-2456			2456	mask	NOUN
core-wordnet-2457			2457	mass	NOUN
core-wordnet-2458			2458	master	NOUN
core-wordnet-2459			2459	match	NOUN
core-wordnet-2460			2460	match	NOUN
core-wordnet-2461			2461	match	NOUN
core-wordnet-2462			2462	match	NOUN
core-wordnet-2463			2463	material	NOUN
core-wordnet-2464			2464	material	NOUN
core-wordnet-2465			2465	mathematics	NOUN
core-wordnet-2466			2466	matrix	NOUN
core-wordnet-2467			2467	matter	NOUN
core-wordnet-2468			2468	maximum	NOUN
core-wordnet-2469			2469	mayor	NOUN
core-wordnet-2470			2470	maze	NOUN
core-wordnet-2471			2471	meadow	NOUN
core-wordnet-2472			2472	meal	NOUN
core-wordnet-2473			2473	meaning	NOUN
core-wordnet-2474			2474	means	NOUN
core-wordnet-2475			2475	measure	NOUN
core-wordnet-2476			2476	meat	NOUN
core-wordnet-2477			2477	mechanism	NOUN
core-wordnet-2478			2478	medal	NOUN
core-wordnet-2479			2479	medicine	NOUN
core-wordnet-2480			2480	medicine	NOUN
core-wordnet-2481			2481	medium	NOUN
core-wordnet-2482			2482	medium	NOUN
core-wordnet-2483			2483	medium	NOUN
core-wordnet-2484			2484	meeting	NOUN
core-wordnet-2485			2485	meeting	NOUN
core-wordnet-2486			2486	member	NOUN
core-wordnet-2487			2487	membership	NOUN
core-wordnet-2488			2488	memorandum	NOUN
core-wordnet-2489			2489	memorial	NOUN
core-wordnet-2490			2490	memorial	NOUN
core-wordnet-2491			2491	memory	NOUN
core-wordnet-2492			2492	memory	NOUN
core-wordnet-2493			2493	memory	NOUN
core-wordnet-2494			2494	menu	NOUN
core-wordnet-2495			2495	menu	NOUN
core-wordnet-2496			2496	merchant	NOUN
core-wordnet-2497			2497	mercy	NOUN
core-wordnet-2498			2498	merit	NOUN
core-wordnet-2499			2499	message	NOUN
core-wordnet-2500			2500	metal	NOUN
core-wordnet-2501			2501	method	NOUN
core-wordnet-2502			2502	methodology	NOUN
core-wordnet-2503			2503	microphone	NOUN
core-wordnet-2504			2504	middle	NOUN
core-wordnet-2505			2505	midnight	NOUN
core-wordnet-2506			2506	migration	NOUN
core-wordnet-2507			2507	mile	NOUN
core-wordnet-2508			2508	milk	NOUN
core-wordnet-2509			2509	mill	NOUN
core-wordnet-2510			2510	mind	NOUN
core-wordnet-2511			2511	mind	NOUN
core-wordnet-2512			2512	mine	NOUN
core-wordnet-2513			2513	mine	NOUN
core-wordnet-2514			2514	miner	NOUN
core-wordnet-2515			2515	mineral	NOUN
core-wordnet-2516			2516	minimum	NOUN
core-wordnet-2517			2517	minister	NOUN
core-wordnet-2518			2518	minister	NOUN
core-wordnet-2519			2519	ministry	NOUN
core-wordnet-2520			2520	minority	NOUN
core-wordnet-2521			2521	minute	NOUN
core-wordnet-2522			2522	miracle	NOUN
core-wordnet-2523			2523	mirror	NOUN
core-wordnet-2524			2524	miscarriage	NOUN
core-wordnet-2525			2525	misery	NOUN
core-wordnet-2526			2526	missile	NOUN
core-wordnet-2527			2527	mist	NOUN
core-wordnet-2528			2528	mixture	NOUN
core-wordnet-2529			2529	model	NOUN
core-wordnet-2530			2530	model	NOUN
core-wordnet-2531			2531	model	NOUN
core-wordnet-2532			2532	model	NOUN
core-wordnet-2533			2533	model	NOUN
core-wordnet-2534			2534	module	NOUN
core-wordnet-2535			2535	mole	NOUN
core-wordnet-2536			2536	mole	NOUN
core-wordnet-2537			2537	mole	NOUN
core-wordnet-2538			2538	molecule	NOUN
core-wordnet-2539			2539	moment	NOUN
core-wordnet-2540			2540	momentum	NOUN
core-wordnet-2541			2541	monarch	NOUN
core-wordnet-2542			2542	monarchy	NOUN
core-wordnet-2543			2543	monastery	NOUN
core-wordnet-2544			2544	money	NOUN
core-wordnet-2545			2545	money	NOUN
core-wordnet-2546			2546	monk	NOUN
core-wordnet-2547			2547	monkey	NOUN
core-wordnet-2548			2548	monopoly	NOUN
core-wordnet-2549			2549	monster	NOUN
core-wordnet-2550			2550	month	NOUN
core-wordnet-2551			2551	mood	NOUN
core-wordnet-2552			2552	moon	NOUN
core-wordnet-2553			2553	morale	NOUN
core-wordnet-2554			2554	morale	NOUN
core-wordnet-2555			2555	morning	NOUN
core-wordnet-2556			2556	dawn	NOUN
core-wordnet-2557			2557	morsel	NOUN
core-wordnet-2558			2558	mortgage	NOUN
core-wordnet-2559			2559	mosaic	NOUN
core-wordnet-2560			2560	mosque	NOUN
core-wordnet-2561			2561	mosquito	NOUN
core-wordnet-2562			2562	mother	NOUN
core-wordnet-2563			2563	motif	NOUN
core-wordnet-2564			2564	motivation	NOUN
core-wordnet-2565			2565	motivation	NOUN
core-wordnet-2566			2566	motorist	NOUN
core-wordnet-2567			2567	highway	NOUN
core-wordnet-2568			2568	mold	NOUN
core-wordnet-2569			2569	mountain	NOUN
core-wordnet-2570			2570	mourning	NOUN
core-wordnet-2571			2571	mouse	NOUN
core-wordnet-2572			2572	mouse	NOUN
core-wordnet-2573			2573	mouth	NOUN
core-wordnet-2574			2574	move	NOUN
core-wordnet-2575			2575	move	NOUN
core-wordnet-2576			2576	movement	NOUN
core-wordnet-2577			2577	crusade	NOUN
core-wordnet-2578			2578	movement	NOUN
core-wordnet-2579			2579	mud	NOUN
core-wordnet-2580			2580	mug	NOUN
core-wordnet-2581			2581	multimedia	NOUN
core-wordnet-2582			2582	murder	NOUN
core-wordnet-2583			2583	muscle	NOUN
core-wordnet-2584			2584	museum	NOUN
core-wordnet-2585			2585	mushroom	NOUN
core-wordnet-2586			2586	music	NOUN
core-wordnet-2587			2587	musician	NOUN
core-wordnet-2588			2588	mutation	NOUN
core-wordnet-2589			2589	myth	NOUN
core-wordnet-2590			2590	nail	NOUN
core-wordnet-2591			2591	nail	NOUN
core-wordnet-2592			2592	name	NOUN
core-wordnet-2593			2593	name	NOUN
core-wordnet-2594			2594	nationalism	NOUN
core-wordnet-2595			2595	nationalist	NOUN
core-wordnet-2596			2596	nationality	NOUN
core-wordnet-2597			2597	nature	NOUN
core-wordnet-2598			2598	nature	NOUN
core-wordnet-2599			2599	nature	NOUN
core-wordnet-2600			2600	navy	NOUN
core-wordnet-2601			2601	navy	NOUN
core-wordnet-2602			2602	neck	NOUN
core-wordnet-2603			2603	need	NOUN
core-wordnet-2604			2604	need	NOUN
core-wordnet-2605			2605	needle	NOUN
core-wordnet-2606			2606	needle	NOUN
core-wordnet-2607			2607	neglect	NOUN
core-wordnet-2608			2608	negligence	NOUN
core-wordnet-2609			2609	negotiation	NOUN
core-wordnet-2610			2610	neighbour	NOUN
core-wordnet-2611			2611	neighborhood	NOUN
core-wordnet-2612			2612	nephew	NOUN
core-wordnet-2613			2613	nerve	NOUN
core-wordnet-2614			2614	nest	NOUN
core-wordnet-2615			2615	net	NOUN
core-wordnet-2616			2616	net	NOUN
core-wordnet-2617			2617	network	NOUN
core-wordnet-2618			2618	network	NOUN
core-wordnet-2619			2619	newcomer	NOUN
core-wordnet-2620			2620	news	NOUN
core-wordnet-2621			2621	news	NOUN
core-wordnet-2622			2622	news	NOUN
core-wordnet-2623			2623	night	NOUN
core-wordnet-2624			2624	nightmare	NOUN
core-wordnet-2625			2625	node	NOUN
core-wordnet-2626			2626	noise	NOUN
core-wordnet-2627			2627	noise	NOUN
core-wordnet-2628			2628	nomination	NOUN
core-wordnet-2629			2629	nonsense	NOUN
core-wordnet-2630			2630	norm	NOUN
core-wordnet-2631			2631	north	NOUN
core-wordnet-2632			2632	nose	NOUN
core-wordnet-2633			2633	note	NOUN
core-wordnet-2634			2634	note	NOUN
core-wordnet-2635			2635	note	NOUN
core-wordnet-2636			2636	note	NOUN
core-wordnet-2637			2637	notebook	NOUN
core-wordnet-2638			2638	notebook	NOUN
core-wordnet-2639			2639	notice	NOUN
core-wordnet-2640			2640	notice	NOUN
core-wordnet-2641			2641	notion	NOUN
core-wordnet-2642			2642	noun	NOUN
core-wordnet-2643			2643	novel	NOUN
core-wordnet-2644			2644	number	NOUN
core-wordnet-2645			2645	number	NOUN
core-wordnet-2646			2646	number	NOUN
core-wordnet-2647			2647	nun	NOUN
core-wordnet-2648			2648	nurse	NOUN
core-wordnet-2649			2649	nursery	NOUN
core-wordnet-2650			2650	nursery	NOUN
core-wordnet-2651			2651	crackpot	NOUN
core-wordnet-2652			2652	nut	NOUN
core-wordnet-2653			2653	oak	NOUN
core-wordnet-2654			2654	object	NOUN
core-wordnet-2655			2655	object	NOUN
core-wordnet-2656			2656	objection	NOUN
core-wordnet-2657			2657	obligation	NOUN
core-wordnet-2658			2658	observation	NOUN
core-wordnet-2659			2659	observer	NOUN
core-wordnet-2660			2660	obstacle	NOUN
core-wordnet-2661			2661	occasion	NOUN
core-wordnet-2662			2662	occupation	NOUN
core-wordnet-2663			2663	ocean	NOUN
core-wordnet-2664			2664	offense	NOUN
core-wordnet-2665			2665	offense	NOUN
core-wordnet-2666			2666	offense	NOUN
core-wordnet-2667			2667	offender	NOUN
core-wordnet-2668			2668	offer	NOUN
core-wordnet-2669			2669	office	NOUN
core-wordnet-2670			2670	officer	NOUN
core-wordnet-2671			2671	official	NOUN
core-wordnet-2672			2672	offspring	NOUN
core-wordnet-2673			2673	oil	NOUN
core-wordnet-2674			2674	oil	NOUN
core-wordnet-2675			2675	omission	NOUN
core-wordnet-2676			2676	onion	NOUN
core-wordnet-2677			2677	opera	NOUN
core-wordnet-2678			2678	operation	NOUN
core-wordnet-2679			2679	operation	NOUN
core-wordnet-2680			2680	operation	NOUN
core-wordnet-2681			2681	operation	NOUN
core-wordnet-2682			2682	opinion	NOUN
core-wordnet-2683			2683	opinion	NOUN
core-wordnet-2684			2684	opponent	NOUN
core-wordnet-2685			2685	opposite	NOUN
core-wordnet-2686			2686	opposition	NOUN
core-wordnet-2687			2687	opposition	NOUN
core-wordnet-2688			2688	opposition	NOUN
core-wordnet-2689			2689	optimism	NOUN
core-wordnet-2690			2690	option	NOUN
core-wordnet-2691			2691	orange	NOUN
core-wordnet-2692			2692	orange	NOUN
core-wordnet-2693			2693	orbit	NOUN
core-wordnet-2694			2694	orchestra	NOUN
core-wordnet-2695			2695	order	NOUN
core-wordnet-2696			2696	order	NOUN
core-wordnet-2697			2697	order	NOUN
core-wordnet-2698			2698	organ	NOUN
core-wordnet-2699			2699	organ	NOUN
core-wordnet-2700			2700	organisation	NOUN
core-wordnet-2701			2701	orientation	NOUN
core-wordnet-2702			2702	origin	NOUN
core-wordnet-2703			2703	outfit	NOUN
core-wordnet-2704			2704	outlet	NOUN
core-wordnet-2705			2705	outlet	NOUN
core-wordnet-2706			2706	outlet	NOUN
core-wordnet-2707			2707	outline	NOUN
core-wordnet-2708			2708	outline	NOUN
core-wordnet-2709			2709	outlook	NOUN
core-wordnet-2710			2710	output	NOUN
core-wordnet-2711			2711	outside	NOUN
core-wordnet-2712			2712	oven	NOUN
core-wordnet-2713			2713	overall	NOUN
core-wordnet-2714			2714	overview	NOUN
core-wordnet-2715			2715	owl	NOUN
core-wordnet-2716			2716	owner	NOUN
core-wordnet-2717			2717	ownership	NOUN
core-wordnet-2718			2718	oxygen	NOUN
core-wordnet-2719			2719	pace	NOUN
core-wordnet-2720			2720	pack	NOUN
core-wordnet-2721			2721	pack	NOUN
core-wordnet-2722			2722	package	NOUN
core-wordnet-2723			2723	packet	NOUN
core-wordnet-2724			2724	page	NOUN
core-wordnet-2725			2725	pain	NOUN
core-wordnet-2726			2726	pain	NOUN
core-wordnet-2727			2727	pain	NOUN
core-wordnet-2728			2728	paint	NOUN
core-wordnet-2729			2729	painter	NOUN
core-wordnet-2730			2730	pair	NOUN
core-wordnet-2731			2731	palace	NOUN
core-wordnet-2732			2732	palm	NOUN
core-wordnet-2733			2733	chimpanzee	NOUN
core-wordnet-2734			2734	pan	NOUN
core-wordnet-2735			2735	panel	NOUN
core-wordnet-2736			2736	panel	NOUN
core-wordnet-2737			2737	panic	NOUN
core-wordnet-2738			2738	paper	NOUN
core-wordnet-2739			2739	paper	NOUN
core-wordnet-2740			2740	paper	NOUN
core-wordnet-2741			2741	paper	NOUN
core-wordnet-2742			2742	paper	NOUN
core-wordnet-2743			2743	parade	NOUN
core-wordnet-2744			2744	paradox	NOUN
core-wordnet-2745			2745	paragraph	NOUN
core-wordnet-2746			2746	parallel	NOUN
core-wordnet-2747			2747	parameter	NOUN
core-wordnet-2748			2748	pardon	NOUN
core-wordnet-2749			2749	parent	NOUN
core-wordnet-2750			2750	park	NOUN
core-wordnet-2751			2751	parking	NOUN
core-wordnet-2752			2752	parliament	NOUN
core-wordnet-2753			2753	part	NOUN
core-wordnet-2754			2754	participant	NOUN
core-wordnet-2755			2755	particle	NOUN
core-wordnet-2756			2756	partner	NOUN
core-wordnet-2757			2757	partner	NOUN
core-wordnet-2758			2758	partnership	NOUN
core-wordnet-2759			2759	party	NOUN
core-wordnet-2760			2760	party	NOUN
core-wordnet-2761			2761	pass	NOUN
core-wordnet-2762			2762	pass	NOUN
core-wordnet-2763			2763	passage	NOUN
core-wordnet-2764			2764	passage	NOUN
core-wordnet-2765			2765	passenger	NOUN
core-wordnet-2766			2766	passion	NOUN
core-wordnet-2767			2767	passport	NOUN
core-wordnet-2768			2768	password	NOUN
core-wordnet-2769			2769	past	NOUN
core-wordnet-2770			2770	pastel	NOUN
core-wordnet-2771			2771	pasture	NOUN
core-wordnet-2772			2772	patch	NOUN
core-wordnet-2773			2773	patch	NOUN
core-wordnet-2774			2774	patch	NOUN
core-wordnet-2775			2775	patent	NOUN
core-wordnet-2776			2776	path	NOUN
core-wordnet-2777			2777	patience	NOUN
core-wordnet-2778			2778	patient	NOUN
core-wordnet-2779			2779	patrol	NOUN
core-wordnet-2780			2780	pattern	NOUN
core-wordnet-2781			2781	pause	NOUN
core-wordnet-2782			2782	pavement	NOUN
core-wordnet-2783			2783	payment	NOUN
core-wordnet-2784			2784	peace	NOUN
core-wordnet-2785			2785	peace	NOUN
core-wordnet-2786			2786	peak	NOUN
core-wordnet-2787			2787	peanut	NOUN
core-wordnet-2788			2788	peasant	NOUN
core-wordnet-2789			2789	pedestrian	NOUN
core-wordnet-2790			2790	pen	NOUN
core-wordnet-2791			2791	pen	NOUN
core-wordnet-2792			2792	penalty	NOUN
core-wordnet-2793			2793	pencil	NOUN
core-wordnet-2794			2794	penny	NOUN
core-wordnet-2795			2795	pension	NOUN
core-wordnet-2796			2796	retiree	NOUN
core-wordnet-2797			2797	people	NOUN
core-wordnet-2798			2798	pepper	NOUN
core-wordnet-2799			2799	percent	NOUN
core-wordnet-2800			2800	perception	NOUN
core-wordnet-2801			2801	performance	NOUN
core-wordnet-2802			2802	performance	NOUN
core-wordnet-2803			2803	performer	NOUN
core-wordnet-2804			2804	period	NOUN
core-wordnet-2805			2805	period	NOUN
core-wordnet-2806			2806	period	NOUN
core-wordnet-2807			2807	period	NOUN
core-wordnet-2808			2808	permission	NOUN
core-wordnet-2809			2809	person	NOUN
core-wordnet-2810			2810	personality	NOUN
core-wordnet-2811			2811	pest	NOUN
core-wordnet-2812			2812	pet	NOUN
core-wordnet-2813			2813	phenomenon	NOUN
core-wordnet-2814			2814	philosopher	NOUN
core-wordnet-2815			2815	philosophy	NOUN
core-wordnet-2816			2816	philosophy	NOUN
core-wordnet-2817			2817	photograph	NOUN
core-wordnet-2818			2818	photographer	NOUN
core-wordnet-2819			2819	photography	NOUN
core-wordnet-2820			2820	physics	NOUN
core-wordnet-2821			2821	piano	NOUN
core-wordnet-2822			2822	picture	NOUN
core-wordnet-2823			2823	picture	NOUN
core-wordnet-2824			2824	movie	NOUN
core-wordnet-2825			2825	pie	NOUN
core-wordnet-2826			2826	piece	NOUN
core-wordnet-2827			2827	piece	NOUN
core-wordnet-2828			2828	pier	NOUN
core-wordnet-2829			2829	pig	NOUN
core-wordnet-2830			2830	pig	NOUN
core-wordnet-2831			2831	policeman	NOUN
core-wordnet-2832			2832	pig	NOUN
core-wordnet-2833			2833	pigeon	NOUN
core-wordnet-2834			2834	pile	NOUN
core-wordnet-2835			2835	pill	NOUN
core-wordnet-2836			2836	pillow	NOUN
core-wordnet-2837			2837	pilot	NOUN
core-wordnet-2838			2838	pin	NOUN
core-wordnet-2839			2839	pioneer	NOUN
core-wordnet-2840			2840	pipe	NOUN
core-wordnet-2841			2841	pit	NOUN
core-wordnet-2842			2842	pit	NOUN
core-wordnet-2843			2843	pitch	NOUN
core-wordnet-2844			2844	slant	NOUN
core-wordnet-2845			2845	pitch	NOUN
core-wordnet-2846			2846	pity	NOUN
core-wordnet-2847			2847	place	NOUN
core-wordnet-2848			2848	place	NOUN
core-wordnet-2849			2849	plaintiff	NOUN
core-wordnet-2850			2850	plan	NOUN
core-wordnet-2851			2851	plane	NOUN
core-wordnet-2852			2852	planet	NOUN
core-wordnet-2853			2853	plant	NOUN
core-wordnet-2854			2854	plant	NOUN
core-wordnet-2855			2855	plaster	NOUN
core-wordnet-2856			2856	plastic	NOUN
core-wordnet-2857			2857	plate	NOUN
core-wordnet-2858			2858	platform	NOUN
core-wordnet-2859			2859	play	NOUN
core-wordnet-2860			2860	play	NOUN
core-wordnet-2861			2861	player	NOUN
core-wordnet-2862			2862	player	NOUN
core-wordnet-2863			2863	pleasure	NOUN
core-wordnet-2864			2864	plot	NOUN
core-wordnet-2865			2865	plot	NOUN
core-wordnet-2866			2866	plot	NOUN
core-wordnet-2867			2867	pneumonia	NOUN
core-wordnet-2868			2868	pocket	NOUN
core-wordnet-2869			2869	poem	NOUN
core-wordnet-2870			2870	poetry	NOUN
core-wordnet-2871			2871	point	NOUN
core-wordnet-2872			2872	point	NOUN
core-wordnet-2873			2873	point	NOUN
core-wordnet-2874			2874	poison	NOUN
core-wordnet-2875			2875	pole	NOUN
core-wordnet-2876			2876	pole	NOUN
core-wordnet-2877			2877	policy	NOUN
core-wordnet-2878			2878	politician	NOUN
core-wordnet-2879			2879	politics	NOUN
core-wordnet-2880			2880	poll	NOUN
core-wordnet-2881			2881	poll	NOUN
core-wordnet-2882			2882	pollution	NOUN
core-wordnet-2883			2883	pony	NOUN
core-wordnet-2884			2884	pool	NOUN
core-wordnet-2885			2885	pop	NOUN
core-wordnet-2886			2886	pop	NOUN
core-wordnet-2887			2887	pop	NOUN
core-wordnet-2888			2888	population	NOUN
core-wordnet-2889			2889	porter	NOUN
core-wordnet-2890			2890	portion	NOUN
core-wordnet-2891			2891	portrait	NOUN
core-wordnet-2892			2892	position	NOUN
core-wordnet-2893			2893	position	NOUN
core-wordnet-2894			2894	position	NOUN
core-wordnet-2895			2895	possession	NOUN
core-wordnet-2896			2896	possibility	NOUN
core-wordnet-2897			2897	post	NOUN
core-wordnet-2898			2898	post	NOUN
core-wordnet-2899			2899	postcard	NOUN
core-wordnet-2900			2900	pot	NOUN
core-wordnet-2901			2901	pot	NOUN
core-wordnet-2902			2902	potato	NOUN
core-wordnet-2903			2903	potential	NOUN
core-wordnet-2904			2904	pottery	NOUN
core-wordnet-2905			2905	pound	NOUN
core-wordnet-2906			2906	pound	NOUN
core-wordnet-2907			2907	powder	NOUN
core-wordnet-2908			2908	power	NOUN
core-wordnet-2909			2909	power	NOUN
core-wordnet-2910			2910	practice	NOUN
core-wordnet-2911			2911	practice	NOUN
core-wordnet-2912			2912	praise	NOUN
core-wordnet-2913			2913	prayer	NOUN
core-wordnet-2914			2914	precedent	NOUN
core-wordnet-2915			2915	precision	NOUN
core-wordnet-2916			2916	predator	NOUN
core-wordnet-2917			2917	predecessor	NOUN
core-wordnet-2918			2918	preference	NOUN
core-wordnet-2919			2919	prejudice	NOUN
core-wordnet-2920			2920	premium	NOUN
core-wordnet-2921			2921	preoccupation	NOUN
core-wordnet-2922			2922	preparation	NOUN
core-wordnet-2923			2923	prescription	NOUN
core-wordnet-2924			2924	prescription	NOUN
core-wordnet-2925			2925	presence	NOUN
core-wordnet-2926			2926	presence	NOUN
core-wordnet-2927			2927	present	NOUN
core-wordnet-2928			2928	present	NOUN
core-wordnet-2929			2929	presentation	NOUN
core-wordnet-2930			2930	preservation	NOUN
core-wordnet-2931			2931	presidency	NOUN
core-wordnet-2932			2932	president	NOUN
core-wordnet-2933			2933	president	NOUN
core-wordnet-2934			2934	press	NOUN
core-wordnet-2935			2935	press	NOUN
core-wordnet-2936			2936	pressure	NOUN
core-wordnet-2937			2937	pressure	NOUN
core-wordnet-2938			2938	pressure	NOUN
core-wordnet-2939			2939	prestige	NOUN
core-wordnet-2940			2940	prevalence	NOUN
core-wordnet-2941			2941	prey	NOUN
core-wordnet-2942			2942	price	NOUN
core-wordnet-2943			2943	price	NOUN
core-wordnet-2944			2944	pride	NOUN
core-wordnet-2945			2945	primary	NOUN
core-wordnet-2946			2946	prince	NOUN
core-wordnet-2947			2947	princess	NOUN
core-wordnet-2948			2948	principle	NOUN
core-wordnet-2949			2949	print	NOUN
core-wordnet-2950			2950	printer	NOUN
core-wordnet-2951			2951	priority	NOUN
core-wordnet-2952			2952	prison	NOUN
core-wordnet-2953			2953	prisoner	NOUN
core-wordnet-2954			2954	privacy	NOUN
core-wordnet-2955			2955	privilege	NOUN
core-wordnet-2956			2956	prize	NOUN
core-wordnet-2957			2957	loot	NOUN
core-wordnet-2958			2958	probability	NOUN
core-wordnet-2959			2959	problem	NOUN
core-wordnet-2960			2960	problem	NOUN
core-wordnet-2961			2961	procedure	NOUN
core-wordnet-2962			2962	process	NOUN
core-wordnet-2963			2963	produce	NOUN
core-wordnet-2964			2964	producer	NOUN
core-wordnet-2965			2965	product	NOUN
core-wordnet-2966			2966	product	NOUN
core-wordnet-2967			2967	product	NOUN
core-wordnet-2968			2968	production	NOUN
core-wordnet-2969			2969	production	NOUN
core-wordnet-2970			2970	production	NOUN
core-wordnet-2971			2971	profession	NOUN
core-wordnet-2972			2972	professional	NOUN
core-wordnet-2973			2973	professor	NOUN
core-wordnet-2974			2974	profile	NOUN
core-wordnet-2975			2975	profit	NOUN
core-wordnet-2976			2976	program	NOUN
core-wordnet-2977			2977	program	NOUN
core-wordnet-2978			2978	program	NOUN
core-wordnet-2979			2979	program	NOUN
core-wordnet-2980			2980	progress	NOUN
core-wordnet-2981			2981	project	NOUN
core-wordnet-2982			2982	prediction	NOUN
core-wordnet-2983			2983	projection	NOUN
core-wordnet-2984			2984	promise	NOUN
core-wordnet-2985			2985	promotion	NOUN
core-wordnet-2986			2986	promotion	NOUN
core-wordnet-2987			2987	proof	NOUN
core-wordnet-2988			2988	proof	NOUN
core-wordnet-2989			2989	propaganda	NOUN
core-wordnet-2990			2990	property	NOUN
core-wordnet-2991			2991	property	NOUN
core-wordnet-2992			2992	proportion	NOUN
core-wordnet-2993			2993	proportion	NOUN
core-wordnet-2994			2994	proposal	NOUN
core-wordnet-2995			2995	proposal	NOUN
core-wordnet-2996			2996	proposition	NOUN
core-wordnet-2997			2997	prosecution	NOUN
core-wordnet-2998			2998	prospect	NOUN
core-wordnet-2999			2999	prosperity	NOUN
core-wordnet-3000			3000	protection	NOUN
core-wordnet-3001			3001	shelter	NOUN
core-wordnet-3002			3002	protein	NOUN
core-wordnet-3003			3003	protest	NOUN
core-wordnet-3004			3004	provision	NOUN
core-wordnet-3005			3005	psychologist	NOUN
core-wordnet-3006			3006	psychology	NOUN
core-wordnet-3007			3007	bar	NOUN
core-wordnet-3008			3008	public	NOUN
core-wordnet-3009			3009	publication	NOUN
core-wordnet-3010			3010	publication	NOUN
core-wordnet-3011			3011	publicity	NOUN
core-wordnet-3012			3012	publisher	NOUN
core-wordnet-3013			3013	pudding	NOUN
core-wordnet-3014			3014	pump	NOUN
core-wordnet-3015			3015	pumpkin	NOUN
core-wordnet-3016			3016	punch	NOUN
core-wordnet-3017			3017	punch	NOUN
core-wordnet-3018			3018	pupil	NOUN
core-wordnet-3019			3019	pupil	NOUN
core-wordnet-3020			3020	purpose	NOUN
core-wordnet-3021			3021	hobby	NOUN
core-wordnet-3022			3022	pursuit	NOUN
core-wordnet-3023			3023	puzzle	NOUN
core-wordnet-3024			3024	pyramid	NOUN
core-wordnet-3025			3025	qualification	NOUN
core-wordnet-3026			3026	quality	NOUN
core-wordnet-3027			3027	quantity	NOUN
core-wordnet-3028			3028	quarter	NOUN
core-wordnet-3029			3029	quarter	NOUN
core-wordnet-3030			3030	quarter	NOUN
core-wordnet-3031			3031	quarter	NOUN
core-wordnet-3032			3032	queen	NOUN
core-wordnet-3033			3033	quest	NOUN
core-wordnet-3034			3034	question	NOUN
core-wordnet-3035			3035	questionnaire	NOUN
core-wordnet-3036			3036	queue	NOUN
core-wordnet-3037			3037	quota	NOUN
core-wordnet-3038			3038	quotation	NOUN
core-wordnet-3039			3039	quotation	NOUN
core-wordnet-3040			3040	rabbit	NOUN
core-wordnet-3041			3041	race	NOUN
core-wordnet-3042			3042	race	NOUN
core-wordnet-3043			3043	racism	NOUN
core-wordnet-3044			3044	rack	NOUN
core-wordnet-3045			3045	radiation	NOUN
core-wordnet-3046			3046	radiation	NOUN
core-wordnet-3047			3047	radical	NOUN
core-wordnet-3048			3048	radio	NOUN
core-wordnet-3049			3049	radio	NOUN
core-wordnet-3050			3050	rage	NOUN
core-wordnet-3051			3051	raid	NOUN
core-wordnet-3052			3052	railcar	NOUN
core-wordnet-3053			3053	railroad	NOUN
core-wordnet-3054			3054	track	NOUN
core-wordnet-3055			3055	rain	NOUN
core-wordnet-3056			3056	rainbow	NOUN
core-wordnet-3057			3057	rally	NOUN
core-wordnet-3058			3058	range	NOUN
core-wordnet-3059			3059	range	NOUN
core-wordnet-3060			3060	range	NOUN
core-wordnet-3061			3061	range	NOUN
core-wordnet-3062			3062	rank	NOUN
core-wordnet-3063			3063	rat	NOUN
core-wordnet-3064			3064	strikebreaker	NOUN
core-wordnet-3065			3065	rate	NOUN
core-wordnet-3066			3066	ratio	NOUN
core-wordnet-3067			3067	reaction	NOUN
core-wordnet-3068			3068	reaction	NOUN
core-wordnet-3069			3069	reaction	NOUN
core-wordnet-3070			3070	reactor	NOUN
core-wordnet-3071			3071	reader	NOUN
core-wordnet-3072			3072	reader	NOUN
core-wordnet-3073			3073	realism	NOUN
core-wordnet-3074			3074	reality	NOUN
core-wordnet-3075			3075	reason	NOUN
core-wordnet-3076			3076	reason	NOUN
core-wordnet-3077			3077	rebel	NOUN
core-wordnet-3078			3078	rebellion	NOUN
core-wordnet-3079			3079	receipt	NOUN
core-wordnet-3080			3080	reception	NOUN
core-wordnet-3081			3081	reception	NOUN
core-wordnet-3082			3082	recession	NOUN
core-wordnet-3083			3083	recognition	NOUN
core-wordnet-3084			3084	recommendation	NOUN
core-wordnet-3085			3085	record	NOUN
core-wordnet-3086			3086	record	NOUN
core-wordnet-3087			3087	record	NOUN
core-wordnet-3088			3088	record	NOUN
core-wordnet-3089			3089	recording	NOUN
core-wordnet-3090			3090	recovery	NOUN
core-wordnet-3091			3091	recovery	NOUN
core-wordnet-3092			3092	recreation	NOUN
core-wordnet-3093			3093	red	NOUN
core-wordnet-3094			3094	reduction	NOUN
core-wordnet-3095			3095	redundancy	NOUN
core-wordnet-3096			3096	referee	NOUN
core-wordnet-3097			3097	reference	NOUN
core-wordnet-3098			3098	reference	NOUN
core-wordnet-3099			3099	referral	NOUN
core-wordnet-3100			3100	reflection	NOUN
core-wordnet-3101			3101	reform	NOUN
core-wordnet-3102			3102	refugee	NOUN
core-wordnet-3103			3103	refusal	NOUN
core-wordnet-3104			3104	regard	NOUN
core-wordnet-3105			3105	region	NOUN
core-wordnet-3106			3106	register	NOUN
core-wordnet-3107			3107	register	NOUN
core-wordnet-3108			3108	registration	NOUN
core-wordnet-3109			3109	regret	NOUN
core-wordnet-3110			3110	regulation	NOUN
core-wordnet-3111			3111	rehabilitation	NOUN
core-wordnet-3112			3112	rehabilitation	NOUN
core-wordnet-3113			3113	rehearsal	NOUN
core-wordnet-3114			3114	reign	NOUN
core-wordnet-3115			3115	rejection	NOUN
core-wordnet-3116			3116	relation	NOUN
core-wordnet-3117			3117	relationship	NOUN
core-wordnet-3118			3118	relaxation	NOUN
core-wordnet-3119			3119	release	NOUN
core-wordnet-3120			3120	relevance	NOUN
core-wordnet-3121			3121	reliance	NOUN
core-wordnet-3122			3122	relief	NOUN
core-wordnet-3123			3123	reluctance	NOUN
core-wordnet-3124			3124	remark	NOUN
core-wordnet-3125			3125	remedy	NOUN
core-wordnet-3126			3126	rent	NOUN
core-wordnet-3127			3127	repetition	NOUN
core-wordnet-3128			3128	replacement	NOUN
core-wordnet-3129			3129	report	NOUN
core-wordnet-3130			3130	report	NOUN
core-wordnet-3131			3131	reporter	NOUN
core-wordnet-3132			3132	representative	NOUN
core-wordnet-3133			3133	representative	NOUN
core-wordnet-3134			3134	reproduction	NOUN
core-wordnet-3135			3135	reptile	NOUN
core-wordnet-3136			3136	republic	NOUN
core-wordnet-3137			3137	reputation	NOUN
core-wordnet-3138			3138	request	NOUN
core-wordnet-3139			3139	requirement	NOUN
core-wordnet-3140			3140	research	NOUN
core-wordnet-3141			3141	researcher	NOUN
core-wordnet-3142			3142	reserve	NOUN
core-wordnet-3143			3143	supply	NOUN
core-wordnet-3144			3144	reservoir	NOUN
core-wordnet-3145			3145	residence	NOUN
core-wordnet-3146			3146	resident	NOUN
core-wordnet-3147			3147	resignation	NOUN
core-wordnet-3148			3148	resignation	NOUN
core-wordnet-3149			3149	resolution	NOUN
core-wordnet-3150			3150	resort	NOUN
core-wordnet-3151			3151	resource	NOUN
core-wordnet-3152			3152	response	NOUN
core-wordnet-3153			3153	response	NOUN
core-wordnet-3154			3154	responsibility	NOUN
core-wordnet-3155			3155	rest	NOUN
core-wordnet-3156			3156	rest	NOUN
core-wordnet-3157			3157	rest	NOUN
core-wordnet-3158			3158	restaurant	NOUN
core-wordnet-3159			3159	restoration	NOUN
core-wordnet-3160			3160	restraint	NOUN
core-wordnet-3161			3161	restriction	NOUN
core-wordnet-3162			3162	result	NOUN
core-wordnet-3163			3163	retailer	NOUN
core-wordnet-3164			3164	retirement	NOUN
core-wordnet-3165			3165	retreat	NOUN
core-wordnet-3166			3166	return	NOUN
core-wordnet-3167			3167	return	NOUN
core-wordnet-3168			3168	return	NOUN
core-wordnet-3169			3169	return	NOUN
core-wordnet-3170			3170	revenge	NOUN
core-wordnet-3171			3171	reverse	NOUN
core-wordnet-3172			3172	review	NOUN
core-wordnet-3173			3173	review	NOUN
core-wordnet-3174			3174	review	NOUN
core-wordnet-3175			3175	review	NOUN
core-wordnet-3176			3176	revival	NOUN
core-wordnet-3177			3177	revolution	NOUN
core-wordnet-3178			3178	revolution	NOUN
core-wordnet-3179			3179	reward	NOUN
core-wordnet-3180			3180	rhetoric	NOUN
core-wordnet-3181			3181	rhythm	NOUN
core-wordnet-3182			3182	rib	NOUN
core-wordnet-3183			3183	ribbon	NOUN
core-wordnet-3184			3184	rice	NOUN
core-wordnet-3185			3185	rider	NOUN
core-wordnet-3186			3186	ridge	NOUN
core-wordnet-3187			3187	rifle	NOUN
core-wordnet-3188			3188	right	NOUN
core-wordnet-3189			3189	right	NOUN
core-wordnet-3190			3190	right	NOUN
core-wordnet-3191			3191	ring	NOUN
core-wordnet-3192			3192	ring	NOUN
core-wordnet-3193			3193	ring	NOUN
core-wordnet-3194			3194	riot	NOUN
core-wordnet-3195			3195	orgy	NOUN
core-wordnet-3196			3196	rise	NOUN
core-wordnet-3197			3197	rise	NOUN
core-wordnet-3198			3198	risk	NOUN
core-wordnet-3199			3199	ritual	NOUN
core-wordnet-3200			3200	river	NOUN
core-wordnet-3201			3201	road	NOUN
core-wordnet-3202			3202	robbery	NOUN
core-wordnet-3203			3203	looting	NOUN
core-wordnet-3204			3204	robot	NOUN
core-wordnet-3205			3205	rock	NOUN
core-wordnet-3206			3206	rocket	NOUN
core-wordnet-3207			3207	role	NOUN
core-wordnet-3208			3208	role	NOUN
core-wordnet-3209			3209	roll	NOUN
core-wordnet-3210			3210	roll	NOUN
core-wordnet-3211			3211	roll	NOUN
core-wordnet-3212			3212	roll	NOUN
core-wordnet-3213			3213	roof	NOUN
core-wordnet-3214			3214	room	NOUN
core-wordnet-3215			3215	ancestor	NOUN
core-wordnet-3216			3216	root	NOUN
core-wordnet-3217			3217	rope	NOUN
core-wordnet-3218			3218	rose	NOUN
core-wordnet-3219			3219	rotation	NOUN
core-wordnet-3220			3220	rung	NOUN
core-wordnet-3221			3221	route	NOUN
core-wordnet-3222			3222	routine	NOUN
core-wordnet-3223			3223	quarrel	NOUN
core-wordnet-3224			3224	row	NOUN
core-wordnet-3225			3225	royalty	NOUN
core-wordnet-3226			3226	royalty	NOUN
core-wordnet-3227			3227	rubbish	NOUN
core-wordnet-3228			3228	rugby	NOUN
core-wordnet-3229			3229	ruin	NOUN
core-wordnet-3230			3230	ruin	NOUN
core-wordnet-3231			3231	rule	NOUN
core-wordnet-3232			3232	rule	NOUN
core-wordnet-3233			3233	rule	NOUN
core-wordnet-3234			3234	rule	NOUN
core-wordnet-3235			3235	rule	NOUN
core-wordnet-3236			3236	rule	NOUN
core-wordnet-3237			3237	rule	NOUN
core-wordnet-3238			3238	rule	NOUN
core-wordnet-3239			3239	rumor	NOUN
core-wordnet-3240			3240	runner	NOUN
core-wordnet-3241			3241	rush	NOUN
core-wordnet-3242			3242	sacrifice	NOUN
core-wordnet-3243			3243	sacrifice	NOUN
core-wordnet-3244			3244	safety	NOUN
core-wordnet-3245			3245	cruise	NOUN
core-wordnet-3246			3246	sailor	NOUN
core-wordnet-3247			3247	salad	NOUN
core-wordnet-3248			3248	sale	NOUN
core-wordnet-3249			3249	sale	NOUN
core-wordnet-3250			3250	salmon	NOUN
core-wordnet-3251			3251	salon	NOUN
core-wordnet-3252			3252	salt	NOUN
core-wordnet-3253			3253	salvation	NOUN
core-wordnet-3254			3254	sample	NOUN
core-wordnet-3255			3255	sanctuary	NOUN
core-wordnet-3256			3256	sand	NOUN
core-wordnet-3257			3257	sandal	NOUN
core-wordnet-3258			3258	satellite	NOUN
core-wordnet-3259			3259	satisfaction	NOUN
core-wordnet-3260			3260	sauce	NOUN
core-wordnet-3261			3261	sausage	NOUN
core-wordnet-3262			3262	scale	NOUN
core-wordnet-3263			3263	scale	NOUN
core-wordnet-3264			3264	scale	NOUN
core-wordnet-3265			3265	scandal	NOUN
core-wordnet-3266			3266	scenario	NOUN
core-wordnet-3267			3267	scene	NOUN
core-wordnet-3268			3268	scene	NOUN
core-wordnet-3269			3269	scene	NOUN
core-wordnet-3270			3270	scene	NOUN
core-wordnet-3271			3271	schedule	NOUN
core-wordnet-3272			3272	scheme	NOUN
core-wordnet-3273			3273	scholar	NOUN
core-wordnet-3274			3274	scholar	NOUN
core-wordnet-3275			3275	scholarship	NOUN
core-wordnet-3276			3276	school	NOUN
core-wordnet-3277			3277	school	NOUN
core-wordnet-3278			3278	science	NOUN
core-wordnet-3279			3279	scientist	NOUN
core-wordnet-3280			3280	grudge	NOUN
core-wordnet-3281			3281	score	NOUN
core-wordnet-3282			3282	scrap	NOUN
core-wordnet-3283			3283	screen	NOUN
core-wordnet-3284			3284	sieve	NOUN
core-wordnet-3285			3285	screen	NOUN
core-wordnet-3286			3286	screw	NOUN
core-wordnet-3287			3287	script	NOUN
core-wordnet-3288			3288	sculpture	NOUN
core-wordnet-3289			3289	sea	NOUN
core-wordnet-3290			3290	seal	NOUN
core-wordnet-3291			3291	seal	NOUN
core-wordnet-3292			3292	search	NOUN
core-wordnet-3293			3293	season	NOUN
core-wordnet-3294			3294	seat	NOUN
core-wordnet-3295			3295	buttocks	NOUN
core-wordnet-3296			3296	second	NOUN
core-wordnet-3297			3297	second	NOUN
core-wordnet-3298			3298	mystery	NOUN
core-wordnet-3299			3299	secret	NOUN
core-wordnet-3300			3300	secretary	NOUN
core-wordnet-3301			3301	secretion	NOUN
core-wordnet-3302			3302	section	NOUN
core-wordnet-3303			3303	sector	NOUN
core-wordnet-3304			3304	security	NOUN
core-wordnet-3305			3305	seed	NOUN
core-wordnet-3306			3306	seed	NOUN
core-wordnet-3307			3307	selection	NOUN
core-wordnet-3308			3308	selection	NOUN
core-wordnet-3309			3309	selection	NOUN
core-wordnet-3310			3310	self	NOUN
core-wordnet-3311			3311	seller	NOUN
core-wordnet-3312			3312	seminar	NOUN
core-wordnet-3313			3313	senior	NOUN
core-wordnet-3314			3314	sensation	NOUN
core-wordnet-3315			3315	sense	NOUN
core-wordnet-3316			3316	sense	NOUN
core-wordnet-3317			3317	sense	NOUN
core-wordnet-3318			3318	sensitivity	NOUN
core-wordnet-3319			3319	sentence	NOUN
core-wordnet-3320			3320	sentence	NOUN
core-wordnet-3321			3321	sentiment	NOUN
core-wordnet-3322			3322	separation	NOUN
core-wordnet-3323			3323	sequence	NOUN
core-wordnet-3324			3324	series	NOUN
core-wordnet-3325			3325	series	NOUN
core-wordnet-3326			3326	servant	NOUN
core-wordnet-3327			3327	waiter	NOUN
core-wordnet-3328			3328	service	NOUN
core-wordnet-3329			3329	service	NOUN
core-wordnet-3330			3330	service	NOUN
core-wordnet-3331			3331	service	NOUN
core-wordnet-3332			3332	session	NOUN
core-wordnet-3333			3333	session	NOUN
core-wordnet-3334			3334	set	NOUN
core-wordnet-3335			3335	set	NOUN
core-wordnet-3336			3336	settlement	NOUN
core-wordnet-3337			3337	settlement	NOUN
core-wordnet-3338			3338	sex	NOUN
core-wordnet-3339			3339	nuance	NOUN
core-wordnet-3340			3340	shadow	NOUN
core-wordnet-3341			3341	shaft	NOUN
core-wordnet-3342			3342	shaft	NOUN
core-wordnet-3343			3343	shame	NOUN
core-wordnet-3344			3344	shame	NOUN
core-wordnet-3345			3345	disgrace	NOUN
core-wordnet-3346			3346	share	NOUN
core-wordnet-3347			3347	share	NOUN
core-wordnet-3348			3348	shareholder	NOUN
core-wordnet-3349			3349	shark	NOUN
core-wordnet-3350			3350	sheep	NOUN
core-wordnet-3351			3351	sheet	NOUN
core-wordnet-3352			3352	sail	NOUN
core-wordnet-3353			3353	sheet	NOUN
core-wordnet-3354			3354	shelf	NOUN
core-wordnet-3355			3355	shell	NOUN
core-wordnet-3356			3356	shell	NOUN
core-wordnet-3357			3357	shell	NOUN
core-wordnet-3358			3358	shell	NOUN
core-wordnet-3359			3359	shelter	NOUN
core-wordnet-3360			3360	shield	NOUN
core-wordnet-3361			3361	shift	NOUN
core-wordnet-3362			3362	shift	NOUN
core-wordnet-3363			3363	shirt	NOUN
core-wordnet-3364			3364	shock	NOUN
core-wordnet-3365			3365	shock	NOUN
core-wordnet-3366			3366	shoe	NOUN
core-wordnet-3367			3367	horseshoe	NOUN
core-wordnet-3368			3368	shop	NOUN
core-wordnet-3369			3369	shop	NOUN
core-wordnet-3370			3370	shopping	NOUN
core-wordnet-3371			3371	short	NOUN
core-wordnet-3372			3372	shortage	NOUN
core-wordnet-3373			3373	shorts	NOUN
core-wordnet-3374			3374	shot	NOUN
core-wordnet-3375			3375	shot	NOUN
core-wordnet-3376			3376	shoulder	NOUN
core-wordnet-3377			3377	shoulder	NOUN
core-wordnet-3378			3378	show	NOUN
core-wordnet-3379			3379	shower	NOUN
core-wordnet-3380			3380	shower	NOUN
core-wordnet-3381			3381	sickness	NOUN
core-wordnet-3382			3382	side	NOUN
core-wordnet-3383			3383	side	NOUN
core-wordnet-3384			3384	side	NOUN
core-wordnet-3385			3385	siege	NOUN
core-wordnet-3386			3386	sight	NOUN
core-wordnet-3387			3387	sign	NOUN
core-wordnet-3388			3388	sign	NOUN
core-wordnet-3389			3389	sign	NOUN
core-wordnet-3390			3390	sign	NOUN
core-wordnet-3391			3391	sign	NOUN
core-wordnet-3392			3392	sign	NOUN
core-wordnet-3393			3393	signature	NOUN
core-wordnet-3394			3394	silence	NOUN
core-wordnet-3395			3395	silence	NOUN
core-wordnet-3396			3396	silk	NOUN
core-wordnet-3397			3397	flatware	NOUN
core-wordnet-3398			3398	silver	NOUN
core-wordnet-3399			3399	silver	NOUN
core-wordnet-3400			3400	similarity	NOUN
core-wordnet-3401			3401	simplicity	NOUN
core-wordnet-3402			3402	sin	NOUN
core-wordnet-3403			3403	singer	NOUN
core-wordnet-3404			3404	sink	NOUN
core-wordnet-3405			3405	sister	NOUN
core-wordnet-3406			3406	site	NOUN
core-wordnet-3407			3407	site	NOUN
core-wordnet-3408			3408	situation	NOUN
core-wordnet-3409			3409	size	NOUN
core-wordnet-3410			3410	sketch	NOUN
core-wordnet-3411			3411	ski	NOUN
core-wordnet-3412			3412	skill	NOUN
core-wordnet-3413			3413	skin	NOUN
core-wordnet-3414			3414	skin	NOUN
core-wordnet-3415			3415	peel	NOUN
core-wordnet-3416			3416	skirt	NOUN
core-wordnet-3417			3417	skull	NOUN
core-wordnet-3418			3418	sky	NOUN
core-wordnet-3419			3419	slab	NOUN
core-wordnet-3420			3420	slave	NOUN
core-wordnet-3421			3421	sleep	NOUN
core-wordnet-3422			3422	sleeve	NOUN
core-wordnet-3423			3423	slice	NOUN
core-wordnet-3424			3424	slide	NOUN
core-wordnet-3425			3425	slide	NOUN
core-wordnet-3426			3426	slime	NOUN
core-wordnet-3427			3427	gaffe	NOUN
core-wordnet-3428			3428	slogan	NOUN
core-wordnet-3429			3429	slot	NOUN
core-wordnet-3430			3430	slot	NOUN
core-wordnet-3431			3431	smell	NOUN
core-wordnet-3432			3432	smell	NOUN
core-wordnet-3433			3433	smile	NOUN
core-wordnet-3434			3434	smoke	NOUN
core-wordnet-3435			3435	snail	NOUN
core-wordnet-3436			3436	snake	NOUN
core-wordnet-3437			3437	snow	NOUN
core-wordnet-3438			3438	soap	NOUN
core-wordnet-3439			3439	soccer	NOUN
core-wordnet-3440			3440	society	NOUN
core-wordnet-3441			3441	sociology	NOUN
core-wordnet-3442			3442	sock	NOUN
core-wordnet-3443			3443	sodium	NOUN
core-wordnet-3444			3444	software	NOUN
core-wordnet-3445			3445	soil	NOUN
core-wordnet-3446			3446	soil	NOUN
core-wordnet-3447			3447	soldier	NOUN
core-wordnet-3448			3448	solidarity	NOUN
core-wordnet-3449			3449	solo	NOUN
core-wordnet-3450			3450	solution	NOUN
core-wordnet-3451			3451	solution	NOUN
core-wordnet-3452			3452	soprano	NOUN
core-wordnet-3453			3453	soul	NOUN
core-wordnet-3454			3454	sound	NOUN
core-wordnet-3455			3455	soup	NOUN
core-wordnet-3456			3456	source	NOUN
core-wordnet-3457			3457	source	NOUN
core-wordnet-3458			3458	source	NOUN
core-wordnet-3459			3459	south	NOUN
core-wordnet-3460			3460	south	NOUN
core-wordnet-3461			3461	space	NOUN
core-wordnet-3462			3462	space	NOUN
core-wordnet-3463			3463	speaker	NOUN
core-wordnet-3464			3464	speaker	NOUN
core-wordnet-3465			3465	specialist	NOUN
core-wordnet-3466			3466	species	NOUN
core-wordnet-3467			3467	specimen	NOUN
core-wordnet-3468			3468	spectrum	NOUN
core-wordnet-3469			3469	speech	NOUN
core-wordnet-3470			3470	speech	NOUN
core-wordnet-3471			3471	speech	NOUN
core-wordnet-3472			3472	speed	NOUN
core-wordnet-3473			3473	speed	NOUN
core-wordnet-3474			3474	spell	NOUN
core-wordnet-3475			3475	trance	NOUN
core-wordnet-3476			3476	sphere	NOUN
core-wordnet-3477			3477	sphere	NOUN
core-wordnet-3478			3478	spider	NOUN
core-wordnet-3479			3479	spinach	NOUN
core-wordnet-3480			3480	spine	NOUN
core-wordnet-3481			3481	spirit	NOUN
core-wordnet-3482			3482	spirit	NOUN
core-wordnet-3483			3483	spirit	NOUN
core-wordnet-3484			3484	spite	NOUN
core-wordnet-3485			3485	split	NOUN
core-wordnet-3486			3486	split	NOUN
core-wordnet-3487			3487	spokesman	NOUN
core-wordnet-3488			3488	spoon	NOUN
core-wordnet-3489			3489	sport	NOUN
core-wordnet-3490			3490	spot	NOUN
core-wordnet-3491			3491	spray	NOUN
core-wordnet-3492			3492	ranch	NOUN
core-wordnet-3493			3493	spread	NOUN
core-wordnet-3494			3494	banquet	NOUN
core-wordnet-3495			3495	spring	NOUN
core-wordnet-3496			3496	spring	NOUN
core-wordnet-3497			3497	spring	NOUN
core-wordnet-3498			3498	spy	NOUN
core-wordnet-3499			3499	squad	NOUN
core-wordnet-3500			3500	square	NOUN
core-wordnet-3501			3501	square	NOUN
core-wordnet-3502			3502	stable	NOUN
core-wordnet-3503			3503	staff	NOUN
core-wordnet-3504			3504	staff	NOUN
core-wordnet-3505			3505	stage	NOUN
core-wordnet-3506			3506	stage	NOUN
core-wordnet-3507			3507	staircase	NOUN
core-wordnet-3508			3508	stake	NOUN
core-wordnet-3509			3509	stall	NOUN
core-wordnet-3510			3510	stamp	NOUN
core-wordnet-3511			3511	stand	NOUN
core-wordnet-3512			3512	stand	NOUN
core-wordnet-3513			3513	standard	NOUN
core-wordnet-3514			3514	star	NOUN
core-wordnet-3515			3515	star	NOUN
core-wordnet-3516			3516	star	NOUN
core-wordnet-3517			3517	star	NOUN
core-wordnet-3518			3518	start	NOUN
core-wordnet-3519			3519	state	NOUN
core-wordnet-3520			3520	state	NOUN
core-wordnet-3521			3521	statement	NOUN
core-wordnet-3522			3522	statement	NOUN
core-wordnet-3523			3523	station	NOUN
core-wordnet-3524			3524	statistics	NOUN
core-wordnet-3525			3525	statue	NOUN
core-wordnet-3526			3526	steak	NOUN
core-wordnet-3527			3527	steam	NOUN
core-wordnet-3528			3528	steel	NOUN
core-wordnet-3529			3529	stem	NOUN
core-wordnet-3530			3530	step	NOUN
core-wordnet-3531			3531	step	NOUN
core-wordnet-3532			3532	step	NOUN
core-wordnet-3533			3533	step	NOUN
core-wordnet-3534			3534	steward	NOUN
core-wordnet-3535			3535	stick	NOUN
core-wordnet-3536			3536	joystick	NOUN
core-wordnet-3537			3537	stimulation	NOUN
core-wordnet-3538			3538	stitch	NOUN
core-wordnet-3539			3539	stock	NOUN
core-wordnet-3540			3540	stock	NOUN
core-wordnet-3541			3541	stock	NOUN
core-wordnet-3542			3542	stomach	NOUN
core-wordnet-3543			3543	stone	NOUN
core-wordnet-3544			3544	pit	NOUN
core-wordnet-3545			3545	gem	NOUN
core-wordnet-3546			3546	stool	NOUN
core-wordnet-3547			3547	stop	NOUN
core-wordnet-3548			3548	storage	NOUN
core-wordnet-3549			3549	storm	NOUN
core-wordnet-3550			3550	story	NOUN
core-wordnet-3551			3551	story	NOUN
core-wordnet-3552			3552	strap	NOUN
core-wordnet-3553			3553	straw	NOUN
core-wordnet-3554			3554	straw	NOUN
core-wordnet-3555			3555	strawberry	NOUN
core-wordnet-3556			3556	stream	NOUN
core-wordnet-3557			3557	street	NOUN
core-wordnet-3558			3558	strength	NOUN
core-wordnet-3559			3559	strength	NOUN
core-wordnet-3560			3560	stress	NOUN
core-wordnet-3561			3561	strike	NOUN
core-wordnet-3562			3562	strike	NOUN
core-wordnet-3563			3563	strike	NOUN
core-wordnet-3564			3564	string	NOUN
core-wordnet-3565			3565	comic	NOUN
core-wordnet-3566			3566	strip	NOUN
core-wordnet-3567			3567	stroke	NOUN
core-wordnet-3568			3568	structure	NOUN
core-wordnet-3569			3569	struggle	NOUN
core-wordnet-3570			3570	student	NOUN
core-wordnet-3571			3571	studio	NOUN
core-wordnet-3572			3572	study	NOUN
core-wordnet-3573			3573	study	NOUN
core-wordnet-3574			3574	study	NOUN
core-wordnet-3575			3575	style	NOUN
core-wordnet-3576			3576	style	NOUN
core-wordnet-3577			3577	subject	NOUN
core-wordnet-3578			3578	subject	NOUN
core-wordnet-3579			3579	subject	NOUN
core-wordnet-3580			3580	substance	NOUN
core-wordnet-3581			3581	suburb	NOUN
core-wordnet-3582			3582	success	NOUN
core-wordnet-3583			3583	suffering	NOUN
core-wordnet-3584			3584	sugar	NOUN
core-wordnet-3585			3585	suggestion	NOUN
core-wordnet-3586			3586	suicide	NOUN
core-wordnet-3587			3587	suit	NOUN
core-wordnet-3588			3588	courtship	NOUN
core-wordnet-3589			3589	suite	NOUN
core-wordnet-3590			3590	sulphur	NOUN
core-wordnet-3591			3591	sum	NOUN
core-wordnet-3592			3592	summary	NOUN
core-wordnet-3593			3593	summer	NOUN
core-wordnet-3594			3594	summit	NOUN
core-wordnet-3595			3595	sun	NOUN
core-wordnet-3596			3596	sun	NOUN
core-wordnet-3597			3597	Sunday	NOUN
core-wordnet-3598			3598	sunrise	NOUN
core-wordnet-3599			3599	sunshine	NOUN
core-wordnet-3600			3600	superintendent	NOUN
core-wordnet-3601			3601	supermarket	NOUN
core-wordnet-3602			3602	supervisor	NOUN
core-wordnet-3603			3603	supply	NOUN
core-wordnet-3604			3604	support	NOUN
core-wordnet-3605			3605	support	NOUN
core-wordnet-3606			3606	support	NOUN
core-wordnet-3607			3607	support	NOUN
core-wordnet-3608			3608	surface	NOUN
core-wordnet-3609			3609	surgeon	NOUN
core-wordnet-3610			3610	surgery	NOUN
core-wordnet-3611			3611	surprise	NOUN
core-wordnet-3612			3612	survey	NOUN
core-wordnet-3613			3613	survival	NOUN
core-wordnet-3614			3614	survivor	NOUN
core-wordnet-3615			3615	survivor	NOUN
core-wordnet-3616			3616	suspect	NOUN
core-wordnet-3617			3617	suspicion	NOUN
core-wordnet-3618			3618	suspicion	NOUN
core-wordnet-3619			3619	sweat	NOUN
core-wordnet-3620			3620	sweater	NOUN
core-wordnet-3621			3621	sweet	NOUN
core-wordnet-3622			3622	swing	NOUN
core-wordnet-3623			3623	swing	NOUN
core-wordnet-3624			3624	switch	NOUN
core-wordnet-3625			3625	sword	NOUN
core-wordnet-3626			3626	syllable	NOUN
core-wordnet-3627			3627	symbol	NOUN
core-wordnet-3628			3628	symmetry	NOUN
core-wordnet-3629			3629	symptom	NOUN
core-wordnet-3630			3630	syndrome	NOUN
core-wordnet-3631			3631	system	NOUN
core-wordnet-3632			3632	table	NOUN
core-wordnet-3633			3633	table	NOUN
core-wordnet-3634			3634	tablet	NOUN
core-wordnet-3635			3635	tactic	NOUN
core-wordnet-3636			3636	tail	NOUN
core-wordnet-3637			3637	tail	NOUN
core-wordnet-3638			3638	talk	NOUN
core-wordnet-3639			3639	talk	NOUN
core-wordnet-3640			3640	tank	NOUN
core-wordnet-3641			3641	tap	NOUN
core-wordnet-3642			3642	tap	NOUN
core-wordnet-3643			3643	tape	NOUN
core-wordnet-3644			3644	tape	NOUN
core-wordnet-3645			3645	tape	NOUN
core-wordnet-3646			3646	target	NOUN
core-wordnet-3647			3647	taste	NOUN
core-wordnet-3648			3648	taste	NOUN
core-wordnet-3649			3649	tax	NOUN
core-wordnet-3650			3650	taxi	NOUN
core-wordnet-3651			3651	taxpayer	NOUN
core-wordnet-3652			3652	tea	NOUN
core-wordnet-3653			3653	teacher	NOUN
core-wordnet-3654			3654	team	NOUN
core-wordnet-3655			3655	tear	NOUN
core-wordnet-3656			3656	technique	NOUN
core-wordnet-3657			3657	technology	NOUN
core-wordnet-3658			3658	teenager	NOUN
core-wordnet-3659			3659	telephone	NOUN
core-wordnet-3660			3660	television	NOUN
core-wordnet-3661			3661	television	NOUN
core-wordnet-3662			3662	temperature	NOUN
core-wordnet-3663			3663	temple	NOUN
core-wordnet-3664			3664	temple	NOUN
core-wordnet-3665			3665	temptation	NOUN
core-wordnet-3666			3666	tenant	NOUN
core-wordnet-3667			3667	tendency	NOUN
core-wordnet-3668			3668	tennis	NOUN
core-wordnet-3669			3669	tension	NOUN
core-wordnet-3670			3670	tension	NOUN
core-wordnet-3671			3671	tent	NOUN
core-wordnet-3672			3672	term	NOUN
core-wordnet-3673			3673	terminal	NOUN
core-wordnet-3674			3674	terrace	NOUN
core-wordnet-3675			3675	terrorist	NOUN
core-wordnet-3676			3676	test	NOUN
core-wordnet-3677			3677	test	NOUN
core-wordnet-3678			3678	text	NOUN
core-wordnet-3679			3679	text	NOUN
core-wordnet-3680			3680	texture	NOUN
core-wordnet-3681			3681	thanks	NOUN
core-wordnet-3682			3682	theater	NOUN
core-wordnet-3683			3683	theft	NOUN
core-wordnet-3684			3684	theme	NOUN
core-wordnet-3685			3685	theme	NOUN
core-wordnet-3686			3686	theology	NOUN
core-wordnet-3687			3687	theorist	NOUN
core-wordnet-3688			3688	theory	NOUN
core-wordnet-3689			3689	therapist	NOUN
core-wordnet-3690			3690	therapy	NOUN
core-wordnet-3691			3691	thesis	NOUN
core-wordnet-3692			3692	thigh	NOUN
core-wordnet-3693			3693	thinker	NOUN
core-wordnet-3694			3694	thought	NOUN
core-wordnet-3695			3695	thread	NOUN
core-wordnet-3696			3696	threat	NOUN
core-wordnet-3697			3697	threshold	NOUN
core-wordnet-3698			3698	brink	NOUN
core-wordnet-3699			3699	throat	NOUN
core-wordnet-3700			3700	throne	NOUN
core-wordnet-3701			3701	thumb	NOUN
core-wordnet-3702			3702	ticket	NOUN
core-wordnet-3703			3703	ticket	NOUN
core-wordnet-3704			3704	tide	NOUN
core-wordnet-3705			3705	tie	NOUN
core-wordnet-3706			3706	tie	NOUN
core-wordnet-3707			3707	tiger	NOUN
core-wordnet-3708			3708	tile	NOUN
core-wordnet-3709			3709	timber	NOUN
core-wordnet-3710			3710	time	NOUN
core-wordnet-3711			3711	timetable	NOUN
core-wordnet-3712			3712	can	NOUN
core-wordnet-3713			3713	tin	NOUN
core-wordnet-3714			3714	tip	NOUN
core-wordnet-3715			3715	tip	NOUN
core-wordnet-3716			3716	tip	NOUN
core-wordnet-3717			3717	tissue	NOUN
core-wordnet-3718			3718	tissue	NOUN
core-wordnet-3719			3719	title	NOUN
core-wordnet-3720			3720	title	NOUN
core-wordnet-3721			3721	title	NOUN
core-wordnet-3722			3722	title	NOUN
core-wordnet-3723			3723	title	NOUN
core-wordnet-3724			3724	toast	NOUN
core-wordnet-3725			3725	toe	NOUN
core-wordnet-3726			3726	toll	NOUN
core-wordnet-3727			3727	tomato	NOUN
core-wordnet-3728			3728	ton	NOUN
core-wordnet-3729			3729	tone	NOUN
core-wordnet-3730			3730	tongue	NOUN
core-wordnet-3731			3731	tongue	NOUN
core-wordnet-3732			3732	tool	NOUN
core-wordnet-3733			3733	tooth	NOUN
core-wordnet-3734			3734	tooth	NOUN
core-wordnet-3735			3735	top	NOUN
core-wordnet-3736			3736	top	NOUN
core-wordnet-3737			3737	top	NOUN
core-wordnet-3738			3738	top	NOUN
core-wordnet-3739			3739	flashlight	NOUN
core-wordnet-3740			3740	torch	NOUN
core-wordnet-3741			3741	torture	NOUN
core-wordnet-3742			3742	touch	NOUN
core-wordnet-3743			3743	tourism	NOUN
core-wordnet-3744			3744	tourist	NOUN
core-wordnet-3745			3745	tournament	NOUN
core-wordnet-3746			3746	towel	NOUN
core-wordnet-3747			3747	tower	NOUN
core-wordnet-3748			3748	town	NOUN
core-wordnet-3749			3749	toy	NOUN
core-wordnet-3750			3750	trace	NOUN
core-wordnet-3751			3751	track	NOUN
core-wordnet-3752			3752	track	NOUN
core-wordnet-3753			3753	track	NOUN
core-wordnet-3754			3754	tract	NOUN
core-wordnet-3755			3755	trade	NOUN
core-wordnet-3756			3756	trade	NOUN
core-wordnet-3757			3757	trade	NOUN
core-wordnet-3758			3758	tradition	NOUN
core-wordnet-3759			3759	traffic	NOUN
core-wordnet-3760			3760	traffic	NOUN
core-wordnet-3761			3761	tragedy	NOUN
core-wordnet-3762			3762	train	NOUN
core-wordnet-3763			3763	trainer	NOUN
core-wordnet-3764			3764	training	NOUN
core-wordnet-3765			3765	trait	NOUN
core-wordnet-3766			3766	transaction	NOUN
core-wordnet-3767			3767	transfer	NOUN
core-wordnet-3768			3768	transition	NOUN
core-wordnet-3769			3769	transmission	NOUN
core-wordnet-3770			3770	transport	NOUN
core-wordnet-3771			3771	ecstasy	NOUN
core-wordnet-3772			3772	trap	NOUN
core-wordnet-3773			3773	tray	NOUN
core-wordnet-3774			3774	treasure	NOUN
core-wordnet-3775			3775	treasurer	NOUN
core-wordnet-3776			3776	treat	NOUN
core-wordnet-3777			3777	treatment	NOUN
core-wordnet-3778			3778	treatment	NOUN
core-wordnet-3779			3779	treaty	NOUN
core-wordnet-3780			3780	tree	NOUN
core-wordnet-3781			3781	trench	NOUN
core-wordnet-3782			3782	trend	NOUN
core-wordnet-3783			3783	trial	NOUN
core-wordnet-3784			3784	trial	NOUN
core-wordnet-3785			3785	triangle	NOUN
core-wordnet-3786			3786	tribe	NOUN
core-wordnet-3787			3787	tribute	NOUN
core-wordnet-3788			3788	trick	NOUN
core-wordnet-3789			3789	trick	NOUN
core-wordnet-3790			3790	trolley	NOUN
core-wordnet-3791			3791	troop	NOUN
core-wordnet-3792			3792	trouble	NOUN
core-wordnet-3793			3793	trouble	NOUN
core-wordnet-3794			3794	trouser	NOUN
core-wordnet-3795			3795	truck	NOUN
core-wordnet-3796			3796	trunk	NOUN
core-wordnet-3797			3797	trust	NOUN
core-wordnet-3798			3798	trust	NOUN
core-wordnet-3799			3799	trustee	NOUN
core-wordnet-3800			3800	truth	NOUN
core-wordnet-3801			3801	truth	NOUN
core-wordnet-3802			3802	t-shirt	NOUN
core-wordnet-3803			3803	subway	NOUN
core-wordnet-3804			3804	tube	NOUN
core-wordnet-3805			3805	tumour	NOUN
core-wordnet-3806			3806	tune	NOUN
core-wordnet-3807			3807	tunnel	NOUN
core-wordnet-3808			3808	turkey	NOUN
core-wordnet-3809			3809	turn	NOUN
core-wordnet-3810			3810	twin	NOUN
core-wordnet-3811			3811	braid	NOUN
core-wordnet-3812			3812	twist	NOUN
core-wordnet-3813			3813	tycoon	NOUN
core-wordnet-3814			3814	tire	NOUN
core-wordnet-3815			3815	ulcer	NOUN
core-wordnet-3816			3816	umbrella	NOUN
core-wordnet-3817			3817	uncertainty	NOUN
core-wordnet-3818			3818	uncle	NOUN
core-wordnet-3819			3819	understanding	NOUN
core-wordnet-3820			3820	unemployment	NOUN
core-wordnet-3821			3821	uniform	NOUN
core-wordnet-3822			3822	union	NOUN
core-wordnet-3823			3823	marriage	NOUN
core-wordnet-3824			3824	unit	NOUN
core-wordnet-3825			3825	unity	NOUN
core-wordnet-3826			3826	university	NOUN
core-wordnet-3827			3827	unrest	NOUN
core-wordnet-3828			3828	urge	NOUN
core-wordnet-3829			3829	urgency	NOUN
core-wordnet-3830			3830	urine	NOUN
core-wordnet-3831			3831	use	NOUN
core-wordnet-3832			3832	use	NOUN
core-wordnet-3833			3833	use	NOUN
core-wordnet-3834			3834	user	NOUN
core-wordnet-3835			3835	user	NOUN
core-wordnet-3836			3836	vacuum	NOUN
core-wordnet-3837			3837	vacuum	NOUN
core-wordnet-3838			3838	valley	NOUN
core-wordnet-3839			3839	value	NOUN
core-wordnet-3840			3840	value	NOUN
core-wordnet-3841			3841	value	NOUN
core-wordnet-3842			3842	van	NOUN
core-wordnet-3843			3843	avant-garde	NOUN
core-wordnet-3844			3844	variable	NOUN
core-wordnet-3845			3845	variant	NOUN
core-wordnet-3846			3846	variation	NOUN
core-wordnet-3847			3847	variety	NOUN
core-wordnet-3848			3848	vat	NOUN
core-wordnet-3849			3849	vector	NOUN
core-wordnet-3850			3850	vegetable	NOUN
core-wordnet-3851			3851	vegetarian	NOUN
core-wordnet-3852			3852	vegetation	NOUN
core-wordnet-3853			3853	vehicle	NOUN
core-wordnet-3854			3854	veil	NOUN
core-wordnet-3855			3855	vein	NOUN
core-wordnet-3856			3856	velvet	NOUN
core-wordnet-3857			3857	venture	NOUN
core-wordnet-3858			3858	Venus	NOUN
core-wordnet-3859			3859	verdict	NOUN
core-wordnet-3860			3860	version	NOUN
core-wordnet-3861			3861	version	NOUN
core-wordnet-3862			3862	vessel	NOUN
core-wordnet-3863			3863	vessel	NOUN
core-wordnet-3864			3864	veteran	NOUN
core-wordnet-3865			3865	victim	NOUN
core-wordnet-3866			3866	victory	NOUN
core-wordnet-3867			3867	video	NOUN
core-wordnet-3868			3868	view	NOUN
core-wordnet-3869			3869	view	NOUN
core-wordnet-3870			3870	view	NOUN
core-wordnet-3871			3871	villa	NOUN
core-wordnet-3872			3872	village	NOUN
core-wordnet-3873			3873	villager	NOUN
core-wordnet-3874			3874	violation	NOUN
core-wordnet-3875			3875	virgin	NOUN
core-wordnet-3876			3876	virtue	NOUN
core-wordnet-3877			3877	virus	NOUN
core-wordnet-3878			3878	computer	NOUN
core-wordnet-3879			3879	vision	NOUN
core-wordnet-3880			3880	visit	NOUN
core-wordnet-3881			3881	visitor	NOUN
core-wordnet-3882			3882	vitamin	NOUN
core-wordnet-3883			3883	voice	NOUN
core-wordnet-3884			3884	spokesperson	NOUN
core-wordnet-3885			3885	volcano	NOUN
core-wordnet-3886			3886	volume	NOUN
core-wordnet-3887			3887	volume	NOUN
core-wordnet-3888			3888	volume	NOUN
core-wordnet-3889			3889	volunteer	NOUN
core-wordnet-3890			3890	vote	NOUN
core-wordnet-3891			3891	vote	NOUN
core-wordnet-3892			3892	voter	NOUN
core-wordnet-3893			3893	voucher	NOUN
core-wordnet-3894			3894	voyage	NOUN
core-wordnet-3895			3895	wage	NOUN
core-wordnet-3896			3896	wagon	NOUN
core-wordnet-3897			3897	waist	NOUN
core-wordnet-3898			3898	wake	NOUN
core-wordnet-3899			3899	wall	NOUN
core-wordnet-3900			3900	war	NOUN
core-wordnet-3901			3901	ward	NOUN
core-wordnet-3902			3902	ward	NOUN
core-wordnet-3903			3903	ward	NOUN
core-wordnet-3904			3904	wardrobe	NOUN
core-wordnet-3905			3905	warning	NOUN
core-wordnet-3906			3906	warrant	NOUN
core-wordnet-3907			3907	warrior	NOUN
core-wordnet-3908			3908	waste	NOUN
core-wordnet-3909			3909	waste	NOUN
core-wordnet-3910			3910	watch	NOUN
core-wordnet-3911			3911	watch	NOUN
core-wordnet-3912			3912	water	NOUN
core-wordnet-3913			3913	waterfall	NOUN
core-wordnet-3914			3914	wave	NOUN
core-wordnet-3915			3915	way	NOUN
core-wordnet-3916			3916	way	NOUN
core-wordnet-3917			3917	weakness	NOUN
core-wordnet-3918			3918	weakness	NOUN
core-wordnet-3919			3919	wealth	NOUN
core-wordnet-3920			3920	weapon	NOUN
core-wordnet-3921			3921	weather	NOUN
core-wordnet-3922			3922	wedding	NOUN
core-wordnet-3923			3923	weed	NOUN
core-wordnet-3924			3924	week	NOUN
core-wordnet-3925			3925	weekend	NOUN
core-wordnet-3926			3926	weight	NOUN
core-wordnet-3927			3927	weight	NOUN
core-wordnet-3928			3928	weight	NOUN
core-wordnet-3929			3929	welcome	NOUN
core-wordnet-3930			3930	welfare	NOUN
core-wordnet-3931			3931	welfare	NOUN
core-wordnet-3932			3932	well	NOUN
core-wordnet-3933			3933	west	NOUN
core-wordnet-3934			3934	west	NOUN
core-wordnet-3935			3935	whale	NOUN
core-wordnet-3936			3936	wheat	NOUN
core-wordnet-3937			3937	wheel	NOUN
core-wordnet-3938			3938	bike	NOUN
core-wordnet-3939			3939	whip	NOUN
core-wordnet-3940			3940	whiskey	NOUN
core-wordnet-3941			3941	egg	NOUN
core-wordnet-3942			3942	widow	NOUN
core-wordnet-3943			3943	width	NOUN
core-wordnet-3944			3944	wife	NOUN
core-wordnet-3945			3945	wilderness	NOUN
core-wordnet-3946			3946	wildlife	NOUN
core-wordnet-3947			3947	will	NOUN
core-wordnet-3948			3948	will	NOUN
core-wordnet-3949			3949	willpower	NOUN
core-wordnet-3950			3950	win	NOUN
core-wordnet-3951			3951	wind	NOUN
core-wordnet-3952			3952	window	NOUN
core-wordnet-3953			3953	wine	NOUN
core-wordnet-3954			3954	wing	NOUN
core-wordnet-3955			3955	wing	NOUN
core-wordnet-3956			3956	winner	NOUN
core-wordnet-3957			3957	winter	NOUN
core-wordnet-3958			3958	wire	NOUN
core-wordnet-3959			3959	witch	NOUN
core-wordnet-3960			3960	withdrawal	NOUN
core-wordnet-3961			3961	withdrawal	NOUN
core-wordnet-3962			3962	witness	NOUN
core-wordnet-3963			3963	witness	NOUN
core-wordnet-3964			3964	wolf	NOUN
core-wordnet-3965			3965	woman	NOUN
core-wordnet-3966			3966	wonder	NOUN
core-wordnet-3967			3967	wood	NOUN
core-wordnet-3968			3968	wool	NOUN
core-wordnet-3969			3969	word	NOUN
core-wordnet-3970			3970	word	NOUN
core-wordnet-3971			3971	wording	NOUN
core-wordnet-3972			3972	work	NOUN
core-wordnet-3973			3973	work	NOUN
core-wordnet-3974			3974	work	NOUN
core-wordnet-3975			3975	worker	NOUN
core-wordnet-3976			3976	workshop	NOUN
core-wordnet-3977			3977	world	NOUN
core-wordnet-3978			3978	world	NOUN
core-wordnet-3979			3979	world	NOUN
core-wordnet-3980			3980	world	NOUN
core-wordnet-3981			3981	worm	NOUN
core-wordnet-3982			3982	worm	NOUN
core-wordnet-3983			3983	worth	NOUN
core-wordnet-3984			3984	wound	NOUN
core-wordnet-3985			3985	wreck	NOUN
core-wordnet-3986			3986	wrist	NOUN
core-wordnet-3987			3987	writer	NOUN
core-wordnet-3988			3988	X-ray	NOUN
core-wordnet-3989			3989	yacht	NOUN
core-wordnet-3990			3990	yard	NOUN
core-wordnet-3991			3991	yard	NOUN
core-wordnet-3992			3992	year	NOUN
core-wordnet-3993			3993	youth	NOUN
core-wordnet-3994			3994	youth	NOUN
core-wordnet-3995			3995	zero	NOUN
core-wordnet-3996			3996	zone	NOUN
core-wordnet-3997			3997	abandon	VERB
core-wordnet-3998			3998	abolish	VERB
core-wordnet-3999			3999	abridge	VERB
core-wordnet-4000			4000	absorb	VERB
core-wordnet-4001			4001	accept	VERB
core-wordnet-4002			4002	accompany	VERB
core-wordnet-4003			4003	activate	VERB
core-wordnet-4004			4004	add	VERB
core-wordnet-4005			4005	adjust	VERB
core-wordnet-4006			4006	admire	VERB
core-wordnet-4007			4007	admit	VERB
core-wordnet-4008			4008	admit	VERB
core-wordnet-4009			4009	adopt	VERB
core-wordnet-4010			4010	adopt	VERB
core-wordnet-4011			4011	advance	VERB
core-wordnet-4012			4012	affect	VERB
core-wordnet-4013			4013	feign	VERB
core-wordnet-4014			4014	afford	VERB
core-wordnet-4015			4015	age	VERB
core-wordnet-4016			4016	agree	VERB
core-wordnet-4017			4017	match	VERB
core-wordnet-4018			4018	allow	VERB
core-wordnet-4019			4019	amputate	VERB
core-wordnet-4020			4020	amuse	VERB
core-wordnet-4021			4021	answer	VERB
core-wordnet-4022			4022	apologize	VERB
core-wordnet-4023			4023	appeal	VERB
core-wordnet-4024			4024	appear	VERB
core-wordnet-4025			4025	applaud	VERB
core-wordnet-4026			4026	appoint	VERB
core-wordnet-4027			4027	appreciate	VERB
core-wordnet-4028			4028	approach	VERB
core-wordnet-4029			4029	approve	VERB
core-wordnet-4030			4030	arrange	VERB
core-wordnet-4031			4031	arrange	VERB
core-wordnet-4032			4032	arrest	VERB
core-wordnet-4033			4033	articulate	VERB
core-wordnet-4034			4034	ascertain	VERB
core-wordnet-4035			4035	ask	VERB
core-wordnet-4036			4036	expect	VERB
core-wordnet-4037			4037	assume	VERB
core-wordnet-4038			4038	impound	VERB
core-wordnet-4039			4039	attack	VERB
core-wordnet-4040			4040	attract	VERB
core-wordnet-4041			4041	authorise	VERB
core-wordnet-4042			4042	avoid	VERB
core-wordnet-4043			4043	endorse	VERB
core-wordnet-4044			4044	bake	VERB
core-wordnet-4045			4045	balance	VERB
core-wordnet-4046			4046	ostracize	VERB
core-wordnet-4047			4047	banish	VERB
core-wordnet-4048			4048	bargain	VERB
core-wordnet-4049			4049	bark	VERB
core-wordnet-4050			4050	carry	VERB
core-wordnet-4051			4051	beat	VERB
core-wordnet-4052			4052	beat	VERB
core-wordnet-4053			4053	scramble	VERB
core-wordnet-4054			4054	beat	VERB
core-wordnet-4055			4055	beat	VERB
core-wordnet-4056			4056	become	VERB
core-wordnet-4057			4057	beg	VERB
core-wordnet-4058			4058	begin	VERB
core-wordnet-4059			4059	behave	VERB
core-wordnet-4060			4060	behead	VERB
core-wordnet-4061			4061	belong	VERB
core-wordnet-4062			4062	flex	VERB
core-wordnet-4063			4063	bend	VERB
core-wordnet-4064			4064	bet	VERB
core-wordnet-4065			4065	betray	VERB
core-wordnet-4066			4066	bind	VERB
core-wordnet-4067			4067	bond	VERB
core-wordnet-4068			4068	bite	VERB
core-wordnet-4069			4069	blame	VERB
core-wordnet-4070			4070	blame	VERB
core-wordnet-4071			4071	blast	VERB
core-wordnet-4072			4072	bleed	VERB
core-wordnet-4073			4073	bless	VERB
core-wordnet-4074			4074	block	VERB
core-wordnet-4075			4075	waste	VERB
core-wordnet-4076			4076	board	VERB
core-wordnet-4077			4077	boil	VERB
core-wordnet-4078			4078	bomb	VERB
core-wordnet-4079			4079	borrow	VERB
core-wordnet-4080			4080	bother	VERB
core-wordnet-4081			4081	bounce	VERB
core-wordnet-4082			4082	bow	VERB
core-wordnet-4083			4083	brag	VERB
core-wordnet-4084			4084	break	VERB
core-wordnet-4085			4085	disclose	VERB
core-wordnet-4086			4086	pause	VERB
core-wordnet-4087			4087	wear	VERB
core-wordnet-4088			4088	break	VERB
core-wordnet-4089			4089	breathe	VERB
core-wordnet-4090			4090	breed	VERB
core-wordnet-4091			4091	bring	VERB
core-wordnet-4092			4092	bring	VERB
core-wordnet-4093			4093	brush	VERB
core-wordnet-4094			4094	displace	VERB
core-wordnet-4095			4095	burn	VERB
core-wordnet-4096			4096	burn	VERB
core-wordnet-4097			4097	burst	VERB
core-wordnet-4098			4098	bury	VERB
core-wordnet-4099			4099	buy	VERB
core-wordnet-4100			4100	call	VERB
core-wordnet-4101			4101	call	VERB
core-wordnet-4102			4102	call	VERB
core-wordnet-4103			4103	call	VERB
core-wordnet-4104			4104	predict	VERB
core-wordnet-4105			4105	calm	VERB
core-wordnet-4106			4106	cancel	VERB
core-wordnet-4107			4107	captivate	VERB
core-wordnet-4108			4108	capture	VERB
core-wordnet-4109			4109	care	VERB
core-wordnet-4110			4110	carry	VERB
core-wordnet-4111			4111	carve	VERB
core-wordnet-4112			4112	hurl	VERB
core-wordnet-4113			4113	cast	VERB
core-wordnet-4114			4114	catch	VERB
core-wordnet-4115			4115	capture	VERB
core-wordnet-4116			4116	cater	VERB
core-wordnet-4117			4117	challenge	VERB
core-wordnet-4118			4118	change	VERB
core-wordnet-4119			4119	switch	VERB
core-wordnet-4120			4120	charge	VERB
core-wordnet-4121			4121	charge	VERB
core-wordnet-4122			4122	charge	VERB
core-wordnet-4123			4123	charge	VERB
core-wordnet-4124			4124	chase	VERB
core-wordnet-4125			4125	check	VERB
core-wordnet-4126			4126	check	VERB
core-wordnet-4127			4127	chew	VERB
core-wordnet-4128			4128	choke	VERB
core-wordnet-4129			4129	choke	VERB
core-wordnet-4130			4130	choose	VERB
core-wordnet-4131			4131	chop	VERB
core-wordnet-4132			4132	claim	VERB
core-wordnet-4133			4133	clarify	VERB
core-wordnet-4134			4134	classify	VERB
core-wordnet-4135			4135	clear	VERB
core-wordnet-4136			4136	acquit	VERB
core-wordnet-4137			4137	climb	VERB
core-wordnet-4138			4138	close	VERB
core-wordnet-4139			4139	close	VERB
core-wordnet-4140			4140	coincide	VERB
core-wordnet-4141			4141	collapse	VERB
core-wordnet-4142			4142	collect	VERB
core-wordnet-4143			4143	combine	VERB
core-wordnet-4144			4144	comfort	VERB
core-wordnet-4145			4145	compare	VERB
core-wordnet-4146			4146	remunerate	VERB
core-wordnet-4147			4147	compete	VERB
core-wordnet-4148			4148	complain	VERB
core-wordnet-4149			4149	compromise	VERB
core-wordnet-4150			4150	concede	VERB
core-wordnet-4151			4151	conceive	VERB
core-wordnet-4152			4152	concentrate	VERB
core-wordnet-4153			4153	confine	VERB
core-wordnet-4154			4154	confront	VERB
core-wordnet-4155			4155	congratulate	VERB
core-wordnet-4156			4156	consider	VERB
core-wordnet-4157			4157	consolidate	VERB
core-wordnet-4158			4158	construct	VERB
core-wordnet-4159			4159	contain	VERB
core-wordnet-4160			4160	control	VERB
core-wordnet-4161			4161	command	VERB
core-wordnet-4162			4162	convert	VERB
core-wordnet-4163			4163	convict	VERB
core-wordnet-4164			4164	convince	VERB
core-wordnet-4165			4165	falsify	VERB
core-wordnet-4166			4166	cooperate	VERB
core-wordnet-4167			4167	cope	VERB
core-wordnet-4168			4168	copy	VERB
core-wordnet-4169			4169	copy	VERB
core-wordnet-4170			4170	correspond	VERB
core-wordnet-4171			4171	cough	VERB
core-wordnet-4172			4172	count	VERB
core-wordnet-4173			4173	treat	VERB
core-wordnet-4174			4174	cover	VERB
core-wordnet-4175			4175	crash	VERB
core-wordnet-4176			4176	smash	VERB
core-wordnet-4177			4177	dash	VERB
core-wordnet-4178			4178	crash	VERB
core-wordnet-4179			4179	create	VERB
core-wordnet-4180			4180	creep	VERB
core-wordnet-4181			4181	cower	VERB
core-wordnet-4182			4182	crop	VERB
core-wordnet-4183			4183	graze	VERB
core-wordnet-4184			4184	cross	VERB
core-wordnet-4185			4185	crouch	VERB
core-wordnet-4186			4186	cry	VERB
core-wordnet-4187			4187	cultivate	VERB
core-wordnet-4188			4188	curl	VERB
core-wordnet-4189			4189	reduce	VERB
core-wordnet-4190			4190	cut	VERB
core-wordnet-4191			4191	damn	VERB
core-wordnet-4192			4192	dance	VERB
core-wordnet-4193			4193	dare	VERB
core-wordnet-4194			4194	debate	VERB
core-wordnet-4195			4195	debut	VERB
core-wordnet-4196			4196	decide	VERB
core-wordnet-4197			4197	determine	VERB
core-wordnet-4198			4198	decline	VERB
core-wordnet-4199			4199	decrease	VERB
core-wordnet-4200			4200	dedicate	VERB
core-wordnet-4201			4201	defend	VERB
core-wordnet-4202			4202	define	VERB
core-wordnet-4203			4203	delay	VERB
core-wordnet-4204			4204	delay	VERB
core-wordnet-4205			4205	delete	VERB
core-wordnet-4206			4206	deliver	VERB
core-wordnet-4207			4207	deport	VERB
core-wordnet-4208			4208	rescue	VERB
core-wordnet-4209			4209	demand	VERB
core-wordnet-4210			4210	demolish	VERB
core-wordnet-4211			4211	demonstrate	VERB
core-wordnet-4212			4212	denounce	VERB
core-wordnet-4213			4213	deny	VERB
core-wordnet-4214			4214	deny	VERB
core-wordnet-4215			4215	digress	VERB
core-wordnet-4216			4216	depend	VERB
core-wordnet-4217			4217	deprive	VERB
core-wordnet-4218			4218	describe	VERB
core-wordnet-4219			4219	desert	VERB
core-wordnet-4220			4220	deserve	VERB
core-wordnet-4221			4221	despise	VERB
core-wordnet-4222			4222	deter	VERB
core-wordnet-4223			4223	deteriorate	VERB
core-wordnet-4224			4224	modernize	VERB
core-wordnet-4225			4225	train	VERB
core-wordnet-4226			4226	develop	VERB
core-wordnet-4227			4227	arise	VERB
core-wordnet-4228			4228	devote	VERB
core-wordnet-4229			4229	dictate	VERB
core-wordnet-4230			4230	break	VERB
core-wordnet-4231			4231	die	VERB
core-wordnet-4232			4232	disagree	VERB
core-wordnet-4233			4233	differ	VERB
core-wordnet-4234			4234	dig	VERB
core-wordnet-4235			4235	excavate	VERB
core-wordnet-4236			4236	dilute	VERB
core-wordnet-4237			4237	dine	VERB
core-wordnet-4238			4238	dip	VERB
core-wordnet-4239			4239	direct	VERB
core-wordnet-4240			4240	direct	VERB
core-wordnet-4241			4241	disappear	VERB
core-wordnet-4242			4242	disappoint	VERB
core-wordnet-4243			4243	discourage	VERB
core-wordnet-4244			4244	discover	VERB
core-wordnet-4245			4245	discuss	VERB
core-wordnet-4246			4246	disguise	VERB
core-wordnet-4247			4247	dislike	VERB
core-wordnet-4248			4248	dismiss	VERB
core-wordnet-4249			4249	display	VERB
core-wordnet-4250			4250	quarrel	VERB
core-wordnet-4251			4251	thaw	VERB
core-wordnet-4252			4252	distort	VERB
core-wordnet-4253			4253	distribute	VERB
core-wordnet-4254			4254	dive	VERB
core-wordnet-4255			4255	divide	VERB
core-wordnet-4256			4256	divorce	VERB
core-wordnet-4257			4257	document	VERB
core-wordnet-4258			4258	dominate	VERB
core-wordnet-4259			4259	donate	VERB
core-wordnet-4260			4260	double	VERB
core-wordnet-4261			4261	doubt	VERB
core-wordnet-4262			4262	drag	VERB
core-wordnet-4263			4263	trail	VERB
core-wordnet-4264			4264	drain	VERB
core-wordnet-4265			4265	tie	VERB
core-wordnet-4266			4266	pull	VERB
core-wordnet-4267			4267	draw	VERB
core-wordnet-4268			4268	draw	VERB
core-wordnet-4269			4269	withdraw	VERB
core-wordnet-4270			4270	dress	VERB
core-wordnet-4271			4271	drink	VERB
core-wordnet-4272			4272	drive	VERB
core-wordnet-4273			4273	deteriorate	VERB
core-wordnet-4274			4274	dribble	VERB
core-wordnet-4275			4275	drop	VERB
core-wordnet-4276			4276	drown	VERB
core-wordnet-4277			4277	drug	VERB
core-wordnet-4278			4278	dump	VERB
core-wordnet-4279			4279	ditch	VERB
core-wordnet-4280			4280	eat	VERB
core-wordnet-4281			4281	eavesdrop	VERB
core-wordnet-4282			4282	choose	VERB
core-wordnet-4283			4283	elect	VERB
core-wordnet-4284			4284	eliminate	VERB
core-wordnet-4285			4285	embark	VERB
core-wordnet-4286			4286	employ	VERB
core-wordnet-4287			4287	encourage	VERB
core-wordnet-4288			4288	endure	VERB
core-wordnet-4289			4289	enhance	VERB
core-wordnet-4290			4290	enlarge	VERB
core-wordnet-4291			4291	ensure	VERB
core-wordnet-4292			4292	enter	VERB
core-wordnet-4293			4293	enter	VERB
core-wordnet-4294			4294	entertain	VERB
core-wordnet-4295			4295	escape	VERB
core-wordnet-4296			4296	establish	VERB
core-wordnet-4297			4297	exaggerate	VERB
core-wordnet-4298			4298	exceed	VERB
core-wordnet-4299			4299	exclude	VERB
core-wordnet-4300			4300	eject	VERB
core-wordnet-4301			4301	excuse	VERB
core-wordnet-4302			4302	execute	VERB
core-wordnet-4303			4303	exhibit	VERB
core-wordnet-4304			4304	prosper	VERB
core-wordnet-4305			4305	elaborate	VERB
core-wordnet-4306			4306	expand	VERB
core-wordnet-4307			4307	expect	VERB
core-wordnet-4308			4308	experiment	VERB
core-wordnet-4309			4309	explain	VERB
core-wordnet-4310			4310	explode	VERB
core-wordnet-4311			4311	explode	VERB
core-wordnet-4312			4312	exploit	VERB
core-wordnet-4313			4313	export	VERB
core-wordnet-4314			4314	expose	VERB
core-wordnet-4315			4315	extend	VERB
core-wordnet-4316			4316	confront	VERB
core-wordnet-4317			4317	fade	VERB
core-wordnet-4318			4318	fail	VERB
core-wordnet-4319			4319	faint	VERB
core-wordnet-4320			4320	decrease	VERB
core-wordnet-4321			4321	fall	VERB
core-wordnet-4322			4322	fan	VERB
core-wordnet-4323			4323	fascinate	VERB
core-wordnet-4324			4324	fast	VERB
core-wordnet-4325			4325	fear	VERB
core-wordnet-4326			4326	feel	VERB
core-wordnet-4327			4327	fight	VERB
core-wordnet-4328			4328	fill	VERB
core-wordnet-4329			4329	film	VERB
core-wordnet-4330			4330	find	VERB
core-wordnet-4331			4331	find	VERB
core-wordnet-4332			4332	finish	VERB
core-wordnet-4333			4333	fire	VERB
core-wordnet-4334			4334	equip	VERB
core-wordnet-4335			4335	fit	VERB
core-wordnet-4336			4336	fix	VERB
core-wordnet-4337			4337	flash	VERB
core-wordnet-4338			4338	fling	VERB
core-wordnet-4339			4339	splurge	VERB
core-wordnet-4340			4340	flood	VERB
core-wordnet-4341			4341	flourish	VERB
core-wordnet-4342			4342	flush	VERB
core-wordnet-4343			4343	flush	VERB
core-wordnet-4344			4344	fly	VERB
core-wordnet-4345			4345	fold	VERB
core-wordnet-4346			4346	follow	VERB
core-wordnet-4347			4347	follow	VERB
core-wordnet-4348			4348	follow	VERB
core-wordnet-4349			4349	fool	VERB
core-wordnet-4350			4350	forbid	VERB
core-wordnet-4351			4351	force	VERB
core-wordnet-4352			4352	coerce	VERB
core-wordnet-4353			4353	forge	VERB
core-wordnet-4354			4354	forget	VERB
core-wordnet-4355			4355	form	VERB
core-wordnet-4356			4356	organize	VERB
core-wordnet-4357			4357	formulate	VERB
core-wordnet-4358			4358	foster	VERB
core-wordnet-4359			4359	frame	VERB
core-wordnet-4360			4360	frame	VERB
core-wordnet-4361			4361	exempt	VERB
core-wordnet-4362			4362	freeze	VERB
core-wordnet-4363			4363	freeze	VERB
core-wordnet-4364			4364	frighten	VERB
core-wordnet-4365			4365	fund	VERB
core-wordnet-4366			4366	gain	VERB
core-wordnet-4367			4367	gasp	VERB
core-wordnet-4368			4368	stare	VERB
core-wordnet-4369			4369	generate	VERB
core-wordnet-4370			4370	get	VERB
core-wordnet-4371			4371	feed	VERB
core-wordnet-4372			4372	give	VERB
core-wordnet-4373			4373	give	VERB
core-wordnet-4374			4374	give	VERB
core-wordnet-4375			4375	give	VERB
core-wordnet-4376			4376	give	VERB
core-wordnet-4377			4377	glance	VERB
core-wordnet-4378			4378	glare	VERB
core-wordnet-4379			4379	glide	VERB
core-wordnet-4380			4380	glow	VERB
core-wordnet-4381			4381	die	VERB
core-wordnet-4382			4382	go	VERB
core-wordnet-4383			4383	graduate	VERB
core-wordnet-4384			4384	greet	VERB
core-wordnet-4385			4385	grin	VERB
core-wordnet-4386			4386	grind	VERB
core-wordnet-4387			4387	groan	VERB
core-wordnet-4388			4388	grow	VERB
core-wordnet-4389			4389	guard	VERB
core-wordnet-4390			4390	guess	VERB
core-wordnet-4391			4391	handicap	VERB
core-wordnet-4392			4392	hang	VERB
core-wordnet-4393			4393	happen	VERB
core-wordnet-4394			4394	harm	VERB
core-wordnet-4395			4395	hate	VERB
core-wordnet-4396			4396	haul	VERB
core-wordnet-4397			4397	haunt	VERB
core-wordnet-4398			4398	have	VERB
core-wordnet-4399			4399	heal	VERB
core-wordnet-4400			4400	hear	VERB
core-wordnet-4401			4401	help	VERB
core-wordnet-4402			4402	hesitate	VERB
core-wordnet-4403			4403	hiccup	VERB
core-wordnet-4404			4404	hide	VERB
core-wordnet-4405			4405	hide	VERB
core-wordnet-4406			4406	hike	VERB
core-wordnet-4407			4407	hit	VERB
core-wordnet-4408			4408	hit	VERB
core-wordnet-4409			4409	defend	VERB
core-wordnet-4410			4410	support	VERB
core-wordnet-4411			4411	hold	VERB
core-wordnet-4412			4412	hold	VERB
core-wordnet-4413			4413	hook	VERB
core-wordnet-4414			4414	host	VERB
core-wordnet-4415			4415	hover	VERB
core-wordnet-4416			4416	offend	VERB
core-wordnet-4417			4417	hurt	VERB
core-wordnet-4418			4418	hypnothize	VERB
core-wordnet-4419			4419	identify	VERB
core-wordnet-4420			4420	ignore	VERB
core-wordnet-4421			4421	dismiss	VERB
core-wordnet-4422			4422	illustrate	VERB
core-wordnet-4423			4423	imagine	VERB
core-wordnet-4424			4424	import	VERB
core-wordnet-4425			4425	impress	VERB
core-wordnet-4426			4426	improve	VERB
core-wordnet-4427			4427	include	VERB
core-wordnet-4428			4428	include	VERB
core-wordnet-4429			4429	increase	VERB
core-wordnet-4430			4430	indulge	VERB
core-wordnet-4431			4431	infect	VERB
core-wordnet-4432			4432	inflate	VERB
core-wordnet-4433			4433	inherit	VERB
core-wordnet-4434			4434	inject	VERB
core-wordnet-4435			4435	injure	VERB
core-wordnet-4436			4436	insert	VERB
core-wordnet-4437			4437	insist	VERB
core-wordnet-4438			4438	inspire	VERB
core-wordnet-4439			4439	instal	VERB
core-wordnet-4440			4440	install	VERB
core-wordnet-4441			4441	insure	VERB
core-wordnet-4442			4442	intensify	VERB
core-wordnet-4443			4443	translate	VERB
core-wordnet-4444			4444	interrupt	VERB
core-wordnet-4445			4445	introduce	VERB
core-wordnet-4446			4446	introduce	VERB
core-wordnet-4447			4447	introduce	VERB
core-wordnet-4448			4448	invite	VERB
core-wordnet-4449			4449	jail	VERB
core-wordnet-4450			4450	twitch	VERB
core-wordnet-4451			4451	jest	VERB
core-wordnet-4452			4452	skip	VERB
core-wordnet-4453			4453	jump	VERB
core-wordnet-4454			4454	parachute	VERB
core-wordnet-4455			4455	justify	VERB
core-wordnet-4456			4456	keep	VERB
core-wordnet-4457			4457	keep	VERB
core-wordnet-4458			4458	keep	VERB
core-wordnet-4459			4459	keep	VERB
core-wordnet-4460			4460	kick	VERB
core-wordnet-4461			4461	kill	VERB
core-wordnet-4462			4462	kiss	VERB
core-wordnet-4463			4463	knead	VERB
core-wordnet-4464			4464	kneel	VERB
core-wordnet-4465			4465	knit	VERB
core-wordnet-4466			4466	knock	VERB
core-wordnet-4467			4467	know	VERB
core-wordnet-4468			4468	know	VERB
core-wordnet-4469			4469	know	VERB
core-wordnet-4470			4470	land	VERB
core-wordnet-4471			4471	endure	VERB
core-wordnet-4472			4472	laugh	VERB
core-wordnet-4473			4473	launch	VERB
core-wordnet-4474			4474	lay	VERB
core-wordnet-4475			4475	lead	VERB
core-wordnet-4476			4476	lead	VERB
core-wordnet-4477			4477	leak	VERB
core-wordnet-4478			4478	lean	VERB
core-wordnet-4479			4479	learn	VERB
core-wordnet-4480			4480	teach	VERB
core-wordnet-4481			4481	leave	VERB
core-wordnet-4482			4482	leave	VERB
core-wordnet-4483			4483	leave	VERB
core-wordnet-4484			4484	lend	VERB
core-wordnet-4485			4485	lease	VERB
core-wordnet-4486			4486	level	VERB
core-wordnet-4487			4487	license	VERB
core-wordnet-4488			4488	lick	VERB
core-wordnet-4489			4489	lie	VERB
core-wordnet-4490			4490	lie	VERB
core-wordnet-4491			4491	revoke	VERB
core-wordnet-4492			4492	plagiarize	VERB
core-wordnet-4493			4493	light	VERB
core-wordnet-4494			4494	ignite	VERB
core-wordnet-4495			4495	like	VERB
core-wordnet-4496			4496	restrict	VERB
core-wordnet-4497			4497	linger	VERB
core-wordnet-4498			4498	link	VERB
core-wordnet-4499			4499	list	VERB
core-wordnet-4500			4500	listen	VERB
core-wordnet-4501			4501	load	VERB
core-wordnet-4502			4502	locate	VERB
core-wordnet-4503			4503	lock	VERB
core-wordnet-4504			4504	lodge	VERB
core-wordnet-4505			4505	yearn	VERB
core-wordnet-4506			4506	look	VERB
core-wordnet-4507			4507	look	VERB
core-wordnet-4508			4508	lose	VERB
core-wordnet-4509			4509	misplace	VERB
core-wordnet-4510			4510	love	VERB
core-wordnet-4511			4511	enjoy	VERB
core-wordnet-4512			4512	frown	VERB
core-wordnet-4513			4513	make	VERB
core-wordnet-4514			4514	cook	VERB
core-wordnet-4515			4515	make	VERB
core-wordnet-4516			4516	manage	VERB
core-wordnet-4517			4517	manage	VERB
core-wordnet-4518			4518	fabricate	VERB
core-wordnet-4519			4519	march	VERB
core-wordnet-4520			4520	market	VERB
core-wordnet-4521			4521	master	VERB
core-wordnet-4522			4522	match	VERB
core-wordnet-4523			4523	matter	VERB
core-wordnet-4524			4524	mean	VERB
core-wordnet-4525			4525	measure	VERB
core-wordnet-4526			4526	evaluate	VERB
core-wordnet-4527			4527	meet	VERB
core-wordnet-4528			4528	meet	VERB
core-wordnet-4529			4529	mention	VERB
core-wordnet-4530			4530	mind	VERB
core-wordnet-4531			4531	minimize	VERB
core-wordnet-4532			4532	mislead	VERB
core-wordnet-4533			4533	miss	VERB
core-wordnet-4534			4534	miss	VERB
core-wordnet-4535			4535	lack	VERB
core-wordnet-4536			4536	miss	VERB
core-wordnet-4537			4537	mix	VERB
core-wordnet-4538			4538	model	VERB
core-wordnet-4539			4539	move	VERB
core-wordnet-4540			4540	move	VERB
core-wordnet-4541			4541	move	VERB
core-wordnet-4542			4542	move	VERB
core-wordnet-4543			4543	multiply	VERB
core-wordnet-4544			4544	mutter	VERB
core-wordnet-4545			4545	nap	VERB
core-wordnet-4546			4546	need	VERB
core-wordnet-4547			4547	nod	VERB
core-wordnet-4548			4548	nominate	VERB
core-wordnet-4549			4549	notice	VERB
core-wordnet-4550			4550	obey	VERB
core-wordnet-4551			4551	object	VERB
core-wordnet-4552			4552	obscure	VERB
core-wordnet-4553			4553	obtain	VERB
core-wordnet-4554			4554	occupy	VERB
core-wordnet-4555			4555	offend	VERB
core-wordnet-4556			4556	offer	VERB
core-wordnet-4557			4557	offer	VERB
core-wordnet-4558			4558	offset	VERB
core-wordnet-4559			4559	open	VERB
core-wordnet-4560			4560	oppose	VERB
core-wordnet-4561			4561	organize	VERB
core-wordnet-4562			4562	mastermind	VERB
core-wordnet-4563			4563	overlook	VERB
core-wordnet-4564			4564	overwhelm	VERB
core-wordnet-4565			4565	owe	VERB
core-wordnet-4566			4566	pack	VERB
core-wordnet-4567			4567	paint	VERB
core-wordnet-4568			4568	paint	VERB
core-wordnet-4569			4569	park	VERB
core-wordnet-4570			4570	participate	VERB
core-wordnet-4571			4571	pass	VERB
core-wordnet-4572			4572	pass	VERB
core-wordnet-4573			4573	elapse	VERB
core-wordnet-4574			4574	legislate	VERB
core-wordnet-4575			4575	pass	VERB
core-wordnet-4576			4576	exceed	VERB
core-wordnet-4577			4577	pat	VERB
core-wordnet-4578			4578	pay	VERB
core-wordnet-4579			4579	penetrate	VERB
core-wordnet-4580			4580	perceive	VERB
core-wordnet-4581			4581	perforate	VERB
core-wordnet-4582			4582	perform	VERB
core-wordnet-4583			4583	persist	VERB
core-wordnet-4584			4584	persuade	VERB
core-wordnet-4585			4585	photocopy	VERB
core-wordnet-4586			4586	pick	VERB
core-wordnet-4587			4587	pluck	VERB
core-wordnet-4588			4588	pile	VERB
core-wordnet-4589			4589	rank	VERB
core-wordnet-4590			4590	plan	VERB
core-wordnet-4591			4591	design	VERB
core-wordnet-4592			4592	play	VERB
core-wordnet-4593			4593	bet	VERB
core-wordnet-4594			4594	play	VERB
core-wordnet-4595			4595	play	VERB
core-wordnet-4596			4596	play	VERB
core-wordnet-4597			4597	plead	VERB
core-wordnet-4598			4598	please	VERB
core-wordnet-4599			4599	pledge	VERB
core-wordnet-4600			4600	plot	VERB
core-wordnet-4601			4601	plot	VERB
core-wordnet-4602			4602	plug	VERB
core-wordnet-4603			4603	poison	VERB
core-wordnet-4604			4604	polish	VERB
core-wordnet-4605			4605	pop	VERB
core-wordnet-4606			4606	post	VERB
core-wordnet-4607			4607	postpone	VERB
core-wordnet-4608			4608	swarm	VERB
core-wordnet-4609			4609	pour	VERB
core-wordnet-4610			4610	pray	VERB
core-wordnet-4611			4611	beg	VERB
core-wordnet-4612			4612	preach	VERB
core-wordnet-4613			4613	precede	VERB
core-wordnet-4614			4614	prefer	VERB
core-wordnet-4615			4615	present	VERB
core-wordnet-4616			4616	urge	VERB
core-wordnet-4617			4617	press	VERB
core-wordnet-4618			4618	squeeze	VERB
core-wordnet-4619			4619	prevent	VERB
core-wordnet-4620			4620	print	VERB
core-wordnet-4621			4621	proclaim	VERB
core-wordnet-4622			4622	produce	VERB
core-wordnet-4623			4623	profit	VERB
core-wordnet-4624			4624	prosecute	VERB
core-wordnet-4625			4625	protect	VERB
core-wordnet-4626			4626	prove	VERB
core-wordnet-4627			4627	provide	VERB
core-wordnet-4628			4628	provoke	VERB
core-wordnet-4629			4629	harass	VERB
core-wordnet-4630			4630	publish	VERB
core-wordnet-4631			4631	extract	VERB
core-wordnet-4632			4632	pump	VERB
core-wordnet-4633			4633	punch	VERB
core-wordnet-4634			4634	punch	VERB
core-wordnet-4635			4635	punish	VERB
core-wordnet-4636			4636	advertise	VERB
core-wordnet-4637			4637	push	VERB
core-wordnet-4638			4638	put	VERB
core-wordnet-4639			4639	qualify	VERB
core-wordnet-4640			4640	qualify	VERB
core-wordnet-4641			4641	question	VERB
core-wordnet-4642			4642	quit	VERB
core-wordnet-4643			4643	quote	VERB
core-wordnet-4644			4644	race	VERB
core-wordnet-4645			4645	build	VERB
core-wordnet-4646			4646	lift	VERB
core-wordnet-4647			4647	raise	VERB
core-wordnet-4648			4648	raise	VERB
core-wordnet-4649			4649	promote	VERB
core-wordnet-4650			4650	rape	VERB
core-wordnet-4651			4651	achieve	VERB
core-wordnet-4652			4652	reach	VERB
core-wordnet-4653			4653	read	VERB
core-wordnet-4654			4654	realize	VERB
core-wordnet-4655			4655	rear	VERB
core-wordnet-4656			4656	recognize	VERB
core-wordnet-4657			4657	recognize	VERB
core-wordnet-4658			4658	recommend	VERB
core-wordnet-4659			4659	record	VERB
core-wordnet-4660			4660	recover	VERB
core-wordnet-4661			4661	recruit	VERB
core-wordnet-4662			4662	recycle	VERB
core-wordnet-4663			4663	redeem	VERB
core-wordnet-4664			4664	refer	VERB
core-wordnet-4665			4665	reflect	VERB
core-wordnet-4666			4666	reflect	VERB
core-wordnet-4667			4667	reform	VERB
core-wordnet-4668			4668	refuse	VERB
core-wordnet-4669			4669	reject	VERB
core-wordnet-4670			4670	deny	VERB
core-wordnet-4671			4671	register	VERB
core-wordnet-4672			4672	regret	VERB
core-wordnet-4673			4673	reinforce	VERB
core-wordnet-4674			4674	reject	VERB
core-wordnet-4675			4675	relate	VERB
core-wordnet-4676			4676	relax	VERB
core-wordnet-4677			4677	release	VERB
core-wordnet-4678			4678	relieve	VERB
core-wordnet-4679			4679	relinquish	VERB
core-wordnet-4680			4680	trust	VERB
core-wordnet-4681			4681	remain	VERB
core-wordnet-4682			4682	commemorate	VERB
core-wordnet-4683			4683	remind	VERB
core-wordnet-4684			4684	repeat	VERB
core-wordnet-4685			4685	replace	VERB
core-wordnet-4686			4686	represent	VERB
core-wordnet-4687			4687	represent	VERB
core-wordnet-4688			4688	reproduce	VERB
core-wordnet-4689			4689	request	VERB
core-wordnet-4690			4690	command	VERB
core-wordnet-4691			4691	rescue	VERB
core-wordnet-4692			4692	resemble	VERB
core-wordnet-4693			4693	resent	VERB
core-wordnet-4694			4694	reserve	VERB
core-wordnet-4695			4695	resign	VERB
core-wordnet-4696			4696	resist	VERB
core-wordnet-4697			4697	resist	VERB
core-wordnet-4698			4698	respect	VERB
core-wordnet-4699			4699	rest	VERB
core-wordnet-4700			4700	restrain	VERB
core-wordnet-4701			4701	retain	VERB
core-wordnet-4702			4702	retire	VERB
core-wordnet-4703			4703	retire	VERB
core-wordnet-4704			4704	retreat	VERB
core-wordnet-4705			4705	return	VERB
core-wordnet-4706			4706	return	VERB
core-wordnet-4707			4707	refund	VERB
core-wordnet-4708			4708	reveal	VERB
core-wordnet-4709			4709	reverse	VERB
core-wordnet-4710			4710	review	VERB
core-wordnet-4711			4711	revise	VERB
core-wordnet-4712			4712	revive	VERB
core-wordnet-4713			4713	reward	VERB
core-wordnet-4714			4714	tease	VERB
core-wordnet-4715			4715	ride	VERB
core-wordnet-4716			4716	ring	VERB
core-wordnet-4717			4717	arise	VERB
core-wordnet-4718			4718	rise	VERB
core-wordnet-4719			4719	rise	VERB
core-wordnet-4720			4720	rise	VERB
core-wordnet-4721			4721	rise	VERB
core-wordnet-4722			4722	risk	VERB
core-wordnet-4723			4723	roar	VERB
core-wordnet-4724			4724	rob	VERB
core-wordnet-4725			4725	rock	VERB
core-wordnet-4726			4726	roll	VERB
core-wordnet-4727			4727	wander	VERB
core-wordnet-4728			4728	row	VERB
core-wordnet-4729			4729	rub	VERB
core-wordnet-4730			4730	scratch	VERB
core-wordnet-4731			4731	rule	VERB
core-wordnet-4732			4732	run	VERB
core-wordnet-4733			4733	run	VERB
core-wordnet-4734			4734	run	VERB
core-wordnet-4735			4735	flow	VERB
core-wordnet-4736			4736	escape	VERB
core-wordnet-4737			4737	sail	VERB
core-wordnet-4738			4738	save	VERB
core-wordnet-4739			4739	save	VERB
core-wordnet-4740			4740	say	VERB
core-wordnet-4741			4741	scan	VERB
core-wordnet-4742			4742	scatter	VERB
core-wordnet-4743			4743	scramble	VERB
core-wordnet-4744			4744	scrape	VERB
core-wordnet-4745			4745	scratch	VERB
core-wordnet-4746			4746	scream	VERB
core-wordnet-4747			4747	screen	VERB
core-wordnet-4748			4748	screen	VERB
core-wordnet-4749			4749	cheat	VERB
core-wordnet-4750			4750	screw	VERB
core-wordnet-4751			4751	seal	VERB
core-wordnet-4752			4752	secure	VERB
core-wordnet-4753			4753	see	VERB
core-wordnet-4754			4754	see	VERB
core-wordnet-4755			4755	see	VERB
core-wordnet-4756			4756	seek	VERB
core-wordnet-4757			4757	seem	VERB
core-wordnet-4758			4758	seize	VERB
core-wordnet-4759			4759	sell	VERB
core-wordnet-4760			4760	betray	VERB
core-wordnet-4761			4761	mail	VERB
core-wordnet-4762			4762	broadcast	VERB
core-wordnet-4763			4763	branch	VERB
core-wordnet-4764			4764	separate	VERB
core-wordnet-4765			4765	discriminate	VERB
core-wordnet-4766			4766	serve	VERB
core-wordnet-4767			4767	serve	VERB
core-wordnet-4768			4768	set	VERB
core-wordnet-4769			4769	plant	VERB
core-wordnet-4770			4770	set	VERB
core-wordnet-4771			4771	settle	VERB
core-wordnet-4772			4772	settle	VERB
core-wordnet-4773			4773	reconcile	VERB
core-wordnet-4774			4774	sink	VERB
core-wordnet-4775			4775	shake	VERB
core-wordnet-4776			4776	rock	VERB
core-wordnet-4777			4777	shape	VERB
core-wordnet-4778			4778	share	VERB
core-wordnet-4779			4779	shatter	VERB
core-wordnet-4780			4780	shave	VERB
core-wordnet-4781			4781	shed	VERB
core-wordnet-4782			4782	budge	VERB
core-wordnet-4783			4783	polish	VERB
core-wordnet-4784			4784	shine	VERB
core-wordnet-4785			4785	shiver	VERB
core-wordnet-4786			4786	stun	VERB
core-wordnet-4787			4787	shock	VERB
core-wordnet-4788			4788	shoot	VERB
core-wordnet-4789			4789	shoot	VERB
core-wordnet-4790			4790	shout	VERB
core-wordnet-4791			4791	abuse	VERB
core-wordnet-4792			4792	show	VERB
core-wordnet-4793			4793	show	VERB
core-wordnet-4794			4794	show	VERB
core-wordnet-4795			4795	shrink	VERB
core-wordnet-4796			4796	shrug	VERB
core-wordnet-4797			4797	sigh	VERB
core-wordnet-4798			4798	sightsee	VERB
core-wordnet-4799			4799	sign	VERB
core-wordnet-4800			4800	sing	VERB
core-wordnet-4801			4801	sip	VERB
core-wordnet-4802			4802	sit	VERB
core-wordnet-4803			4803	skate	VERB
core-wordnet-4804			4804	slam	VERB
core-wordnet-4805			4805	slap	VERB
core-wordnet-4806			4806	slide	VERB
core-wordnet-4807			4807	slip	VERB
core-wordnet-4808			4808	slump	VERB
core-wordnet-4809			4809	smash	VERB
core-wordnet-4810			4810	smell	VERB
core-wordnet-4811			4811	smell	VERB
core-wordnet-4812			4812	smile	VERB
core-wordnet-4813			4813	smoke	VERB
core-wordnet-4814			4814	snap	VERB
core-wordnet-4815			4815	snarl	VERB
core-wordnet-4816			4816	snatch	VERB
core-wordnet-4817			4817	snap	VERB
core-wordnet-4818			4818	kidnap	VERB
core-wordnet-4819			4819	sniff	VERB
core-wordnet-4820			4820	snuggle	VERB
core-wordnet-4821			4821	soak	VERB
core-wordnet-4822			4822	overcharge	VERB
core-wordnet-4823			4823	pawn	VERB
core-wordnet-4824			4824	soar	VERB
core-wordnet-4825			4825	solve	VERB
core-wordnet-4826			4826	sow	VERB
core-wordnet-4827			4827	spare	VERB
core-wordnet-4828			4828	spare	VERB
core-wordnet-4829			4829	speculate	VERB
core-wordnet-4830			4830	speed	VERB
core-wordnet-4831			4831	spend	VERB
core-wordnet-4832			4832	spill	VERB
core-wordnet-4833			4833	spin	VERB
core-wordnet-4834			4834	spin	VERB
core-wordnet-4835			4835	spin	VERB
core-wordnet-4836			4836	spit	VERB
core-wordnet-4837			4837	split	VERB
core-wordnet-4838			4838	spoil	VERB
core-wordnet-4839			4839	spoil	VERB
core-wordnet-4840			4840	spoil	VERB
core-wordnet-4841			4841	spray	VERB
core-wordnet-4842			4842	circulate	VERB
core-wordnet-4843			4843	spread	VERB
core-wordnet-4844			4844	square	VERB
core-wordnet-4845			4845	squeeze	VERB
core-wordnet-4846			4846	embrace	VERB
core-wordnet-4847			4847	squash	VERB
core-wordnet-4848			4848	extort	VERB
core-wordnet-4849			4849	stab	VERB
core-wordnet-4850			4850	stain	VERB
core-wordnet-4851			4851	stereotype	VERB
core-wordnet-4852			4852	stamp	VERB
core-wordnet-4853			4853	stand	VERB
core-wordnet-4854			4854	stand	VERB
core-wordnet-4855			4855	depart	VERB
core-wordnet-4856			4856	stay	VERB
core-wordnet-4857			4857	step	VERB
core-wordnet-4858			4858	mistreat	VERB
core-wordnet-4859			4859	stick	VERB
core-wordnet-4860			4860	pierce	VERB
core-wordnet-4861			4861	sting	VERB
core-wordnet-4862			4862	stir	VERB
core-wordnet-4863			4863	stop	VERB
core-wordnet-4864			4864	stop	VERB
core-wordnet-4865			4865	store	VERB
core-wordnet-4866			4866	storm	VERB
core-wordnet-4867			4867	straighten	VERB
core-wordnet-4868			4868	strain	VERB
core-wordnet-4869			4869	stress	VERB
core-wordnet-4870			4870	stretch	VERB
core-wordnet-4871			4871	stride	VERB
core-wordnet-4872			4872	strike	VERB
core-wordnet-4873			4873	strike	VERB
core-wordnet-4874			4874	undress	VERB
core-wordnet-4875			4875	stroke	VERB
core-wordnet-4876			4876	stroll	VERB
core-wordnet-4877			4877	study	VERB
core-wordnet-4878			4878	stuff	VERB
core-wordnet-4879			4879	overeat	VERB
core-wordnet-4880			4880	stumble	VERB
core-wordnet-4881			4881	resign	VERB
core-wordnet-4882			4882	substitute	VERB
core-wordnet-4883			4883	suffer	VERB
core-wordnet-4884			4884	suggest	VERB
core-wordnet-4885			4885	evoke	VERB
core-wordnet-4886			4886	suit	VERB
core-wordnet-4887			4887	support	VERB
core-wordnet-4888			4888	hypothesize	VERB
core-wordnet-4889			4889	suppress	VERB
core-wordnet-4890			4890	surround	VERB
core-wordnet-4891			4891	sustain	VERB
core-wordnet-4892			4892	swallow	VERB
core-wordnet-4893			4893	swallow	VERB
core-wordnet-4894			4894	swear	VERB
core-wordnet-4895			4895	swear	VERB
core-wordnet-4896			4896	sweep	VERB
core-wordnet-4897			4897	swell	VERB
core-wordnet-4898			4898	swim	VERB
core-wordnet-4899			4899	float	VERB
core-wordnet-4900			4900	swing	VERB
core-wordnet-4901			4901	swipe	VERB
core-wordnet-4902			4902	swop	VERB
core-wordnet-4903			4903	take	VERB
core-wordnet-4904			4904	take	VERB
core-wordnet-4905			4905	talk	VERB
core-wordnet-4906			4906	tap	VERB
core-wordnet-4907			4907	tap	VERB
core-wordnet-4908			4908	taste	VERB
core-wordnet-4909			4909	tease	VERB
core-wordnet-4910			4910	tease	VERB
core-wordnet-4911			4911	tell	VERB
core-wordnet-4912			4912	tempt	VERB
core-wordnet-4913			4913	terrify	VERB
core-wordnet-4914			4914	testify	VERB
core-wordnet-4915			4915	thank	VERB
core-wordnet-4916			4916	think	VERB
core-wordnet-4917			4917	think	VERB
core-wordnet-4918			4918	remember	VERB
core-wordnet-4919			4919	threaten	VERB
core-wordnet-4920			4920	confuse	VERB
core-wordnet-4921			4921	throw	VERB
core-wordnet-4922			4922	thrust	VERB
core-wordnet-4923			4923	tick	VERB
core-wordnet-4924			4924	tie	VERB
core-wordnet-4925			4925	time	VERB
core-wordnet-4926			4926	tiptoe	VERB
core-wordnet-4927			4927	topple	VERB
core-wordnet-4928			4928	tolerate	VERB
core-wordnet-4929			4929	toss	VERB
core-wordnet-4930			4930	total	VERB
core-wordnet-4931			4931	touch	VERB
core-wordnet-4932			4932	train	VERB
core-wordnet-4933			4933	transfer	VERB
core-wordnet-4934			4934	transform	VERB
core-wordnet-4935			4935	tread	VERB
core-wordnet-4936			4936	treat	VERB
core-wordnet-4937			4937	treat	VERB
core-wordnet-4938			4938	tremble	VERB
core-wordnet-4939			4939	trip	VERB
core-wordnet-4940			4940	trouble	VERB
core-wordnet-4941			4941	try	VERB
core-wordnet-4942			4942	try	VERB
core-wordnet-4943			4943	try	VERB
core-wordnet-4944			4944	tumble	VERB
core-wordnet-4945			4945	tune	VERB
core-wordnet-4946			4946	bend	VERB
core-wordnet-4947			4947	turn	VERB
core-wordnet-4948			4948	rotate	VERB
core-wordnet-4949			4949	twist	VERB
core-wordnet-4950			4950	wriggle	VERB
core-wordnet-4951			4951	underline	VERB
core-wordnet-4952			4952	undermine	VERB
core-wordnet-4953			4953	understand	VERB
core-wordnet-4954			4954	understand	VERB
core-wordnet-4955			4955	undertake	VERB
core-wordnet-4956			4956	update	VERB
core-wordnet-4957			4957	upset	VERB
core-wordnet-4958			4958	upset	VERB
core-wordnet-4959			4959	urge	VERB
core-wordnet-4960			4960	use	VERB
core-wordnet-4961			4961	utter	VERB
core-wordnet-4962			4962	visit	VERB
core-wordnet-4963			4963	vote	VERB
core-wordnet-4964			4964	wait	VERB
core-wordnet-4965			4965	wake	VERB
core-wordnet-4966			4966	walk	VERB
core-wordnet-4967			4967	digress	VERB
core-wordnet-4968			4968	want	VERB
core-wordnet-4969			4969	warn	VERB
core-wordnet-4970			4970	wash	VERB
core-wordnet-4971			4971	wash	VERB
core-wordnet-4972			4972	waste	VERB
core-wordnet-4973			4973	watch	VERB
core-wordnet-4974			4974	wave	VERB
core-wordnet-4975			4975	wear	VERB
core-wordnet-4976			4976	weave	VERB
core-wordnet-4977			4977	weigh	VERB
core-wordnet-4978			4978	weigh	VERB
core-wordnet-4979			4979	whip	VERB
core-wordnet-4980			4980	whisper	VERB
core-wordnet-4981			4981	widen	VERB
core-wordnet-4982			4982	win	VERB
core-wordnet-4983			4983	wind	VERB
core-wordnet-4984			4984	wipe	VERB
core-wordnet-4985			4985	withdraw	VERB
core-wordnet-4986			4986	wonder	VERB
core-wordnet-4987			4987	work	VERB
core-wordnet-4988			4988	work	VERB
core-wordnet-4989			4989	worry	VERB
core-wordnet-4990			4990	wrap	VERB
core-wordnet-4991			4991	wrestle	VERB
core-wordnet-4992			4992	write	VERB
core-wordnet-4993			4993	write	VERB
core-wordnet-4994			4994	spell	VERB
core-wordnet-4995			4995	compose	VERB
core-wordnet-4996			4996	yawn	VERB
